ISO-10303-21;
HEADER;
/* Generated by software containing ST-Developer
 * from STEP Tools, Inc. (www.steptools.com) 
 */

FILE_DESCRIPTION(
/* description */ (''),
/* implementation_level */ '2;1');

FILE_NAME(
/* name */ 'Hackpad.step',
/* time_stamp */ '2026-04-28T21:26:19+02:00',
/* author */ (''),
/* organization */ (''),
/* preprocessor_version */ 'ST-DEVELOPER v20.1',
/* originating_system */ 'Autodesk Translation Framework v15.8.0.0',
/* authorisation */ '');

FILE_SCHEMA (('AUTOMOTIVE_DESIGN { 1 0 10303 214 3 1 1 }'));
ENDSEC;

DATA;
#10=MECHANICAL_DESIGN_GEOMETRIC_PRESENTATION_REPRESENTATION('',(#13,#14),
#5301);
#11=SHAPE_REPRESENTATION_RELATIONSHIP('SRR','None',#5308,#12);
#12=ADVANCED_BREP_SHAPE_REPRESENTATION('',(#15,#16),#5300);
#13=STYLED_ITEM('',(#5317),#15);
#14=STYLED_ITEM('',(#5317),#16);
#15=MANIFOLD_SOLID_BREP('Body1',#3156);
#16=MANIFOLD_SOLID_BREP('Body6',#3157);
#17=FACE_BOUND('',#306,.T.);
#18=FACE_BOUND('',#307,.T.);
#19=FACE_BOUND('',#308,.T.);
#20=FACE_BOUND('',#309,.T.);
#21=FACE_BOUND('',#310,.T.);
#22=FACE_BOUND('',#315,.T.);
#23=FACE_BOUND('',#338,.T.);
#24=FACE_BOUND('',#339,.T.);
#25=FACE_BOUND('',#340,.T.);
#26=FACE_BOUND('',#341,.T.);
#27=FACE_BOUND('',#345,.T.);
#28=FACE_BOUND('',#346,.T.);
#29=FACE_BOUND('',#347,.T.);
#30=FACE_BOUND('',#348,.T.);
#31=FACE_BOUND('',#349,.T.);
#32=FACE_BOUND('',#350,.T.);
#33=FACE_BOUND('',#351,.T.);
#34=FACE_BOUND('',#352,.T.);
#35=FACE_BOUND('',#353,.T.);
#36=FACE_BOUND('',#354,.T.);
#37=FACE_BOUND('',#355,.T.);
#38=FACE_BOUND('',#356,.T.);
#39=FACE_BOUND('',#357,.T.);
#40=FACE_BOUND('',#358,.T.);
#41=FACE_BOUND('',#359,.T.);
#42=FACE_BOUND('',#360,.T.);
#43=FACE_BOUND('',#361,.T.);
#44=FACE_BOUND('',#362,.T.);
#45=FACE_BOUND('',#363,.T.);
#46=FACE_BOUND('',#364,.T.);
#47=FACE_BOUND('',#489,.T.);
#48=FACE_BOUND('',#490,.T.);
#49=FACE_BOUND('',#491,.T.);
#50=FACE_BOUND('',#492,.T.);
#51=FACE_BOUND('',#493,.T.);
#52=FACE_BOUND('',#494,.T.);
#53=FACE_BOUND('',#495,.T.);
#54=FACE_BOUND('',#496,.T.);
#55=FACE_BOUND('',#497,.T.);
#56=FACE_BOUND('',#498,.T.);
#57=FACE_BOUND('',#499,.T.);
#58=FACE_BOUND('',#500,.T.);
#59=FACE_BOUND('',#501,.T.);
#60=FACE_BOUND('',#502,.T.);
#61=FACE_BOUND('',#503,.T.);
#62=FACE_BOUND('',#504,.T.);
#63=FACE_BOUND('',#505,.T.);
#64=FACE_BOUND('',#506,.T.);
#65=FACE_BOUND('',#507,.T.);
#66=FACE_BOUND('',#508,.T.);
#67=PLANE('',#3174);
#68=PLANE('',#3182);
#69=PLANE('',#3187);
#70=PLANE('',#3196);
#71=PLANE('',#3200);
#72=PLANE('',#3201);
#73=PLANE('',#3205);
#74=PLANE('',#3208);
#75=PLANE('',#3209);
#76=PLANE('',#3210);
#77=PLANE('',#3211);
#78=PLANE('',#3212);
#79=PLANE('',#3221);
#80=PLANE('',#3222);
#81=PLANE('',#3223);
#82=PLANE('',#3224);
#83=PLANE('',#3228);
#84=PLANE('',#3229);
#85=PLANE('',#3292);
#86=PLANE('',#3295);
#87=PLANE('',#3300);
#88=PLANE('',#3303);
#89=PLANE('',#3308);
#90=PLANE('',#3317);
#91=PLANE('',#3318);
#92=PLANE('',#3321);
#93=PLANE('',#3324);
#94=PLANE('',#3327);
#95=PLANE('',#3330);
#96=PLANE('',#3333);
#97=PLANE('',#3336);
#98=PLANE('',#3339);
#99=PLANE('',#3342);
#100=PLANE('',#3345);
#101=PLANE('',#3348);
#102=PLANE('',#3351);
#103=PLANE('',#3354);
#104=PLANE('',#3357);
#105=PLANE('',#3360);
#106=PLANE('',#3363);
#107=PLANE('',#3366);
#108=PLANE('',#3369);
#109=PLANE('',#3372);
#110=PLANE('',#3375);
#111=PLANE('',#3378);
#112=PLANE('',#3381);
#113=PLANE('',#3384);
#114=PLANE('',#3387);
#115=PLANE('',#3390);
#116=PLANE('',#3393);
#117=PLANE('',#3396);
#118=PLANE('',#3399);
#119=PLANE('',#3402);
#120=PLANE('',#3405);
#121=PLANE('',#3408);
#122=PLANE('',#3411);
#123=PLANE('',#3414);
#124=PLANE('',#3417);
#125=PLANE('',#3420);
#126=PLANE('',#3423);
#127=PLANE('',#3426);
#128=PLANE('',#3429);
#129=PLANE('',#3432);
#130=PLANE('',#3435);
#131=PLANE('',#3438);
#132=PLANE('',#3441);
#133=PLANE('',#3444);
#134=PLANE('',#3447);
#135=PLANE('',#3450);
#136=PLANE('',#3453);
#137=PLANE('',#3456);
#138=PLANE('',#3459);
#139=PLANE('',#3464);
#140=PLANE('',#3465);
#141=PLANE('',#3466);
#142=PLANE('',#3467);
#143=PLANE('',#3468);
#144=PLANE('',#3469);
#145=PLANE('',#3470);
#146=PLANE('',#3471);
#147=PLANE('',#3472);
#148=PLANE('',#3473);
#149=FACE_OUTER_BOUND('',#304,.T.);
#150=FACE_OUTER_BOUND('',#305,.T.);
#151=FACE_OUTER_BOUND('',#311,.T.);
#152=FACE_OUTER_BOUND('',#312,.T.);
#153=FACE_OUTER_BOUND('',#313,.T.);
#154=FACE_OUTER_BOUND('',#314,.T.);
#155=FACE_OUTER_BOUND('',#316,.T.);
#156=FACE_OUTER_BOUND('',#317,.T.);
#157=FACE_OUTER_BOUND('',#318,.T.);
#158=FACE_OUTER_BOUND('',#319,.T.);
#159=FACE_OUTER_BOUND('',#320,.T.);
#160=FACE_OUTER_BOUND('',#321,.T.);
#161=FACE_OUTER_BOUND('',#322,.T.);
#162=FACE_OUTER_BOUND('',#323,.T.);
#163=FACE_OUTER_BOUND('',#324,.T.);
#164=FACE_OUTER_BOUND('',#325,.T.);
#165=FACE_OUTER_BOUND('',#326,.T.);
#166=FACE_OUTER_BOUND('',#327,.T.);
#167=FACE_OUTER_BOUND('',#328,.T.);
#168=FACE_OUTER_BOUND('',#329,.T.);
#169=FACE_OUTER_BOUND('',#330,.T.);
#170=FACE_OUTER_BOUND('',#331,.T.);
#171=FACE_OUTER_BOUND('',#332,.T.);
#172=FACE_OUTER_BOUND('',#333,.T.);
#173=FACE_OUTER_BOUND('',#334,.T.);
#174=FACE_OUTER_BOUND('',#335,.T.);
#175=FACE_OUTER_BOUND('',#336,.T.);
#176=FACE_OUTER_BOUND('',#337,.T.);
#177=FACE_OUTER_BOUND('',#342,.T.);
#178=FACE_OUTER_BOUND('',#343,.T.);
#179=FACE_OUTER_BOUND('',#344,.T.);
#180=FACE_OUTER_BOUND('',#365,.T.);
#181=FACE_OUTER_BOUND('',#366,.T.);
#182=FACE_OUTER_BOUND('',#367,.T.);
#183=FACE_OUTER_BOUND('',#368,.T.);
#184=FACE_OUTER_BOUND('',#369,.T.);
#185=FACE_OUTER_BOUND('',#370,.T.);
#186=FACE_OUTER_BOUND('',#371,.T.);
#187=FACE_OUTER_BOUND('',#372,.T.);
#188=FACE_OUTER_BOUND('',#373,.T.);
#189=FACE_OUTER_BOUND('',#374,.T.);
#190=FACE_OUTER_BOUND('',#375,.T.);
#191=FACE_OUTER_BOUND('',#376,.T.);
#192=FACE_OUTER_BOUND('',#377,.T.);
#193=FACE_OUTER_BOUND('',#378,.T.);
#194=FACE_OUTER_BOUND('',#379,.T.);
#195=FACE_OUTER_BOUND('',#380,.T.);
#196=FACE_OUTER_BOUND('',#381,.T.);
#197=FACE_OUTER_BOUND('',#382,.T.);
#198=FACE_OUTER_BOUND('',#383,.T.);
#199=FACE_OUTER_BOUND('',#384,.T.);
#200=FACE_OUTER_BOUND('',#385,.T.);
#201=FACE_OUTER_BOUND('',#386,.T.);
#202=FACE_OUTER_BOUND('',#387,.T.);
#203=FACE_OUTER_BOUND('',#388,.T.);
#204=FACE_OUTER_BOUND('',#389,.T.);
#205=FACE_OUTER_BOUND('',#390,.T.);
#206=FACE_OUTER_BOUND('',#391,.T.);
#207=FACE_OUTER_BOUND('',#392,.T.);
#208=FACE_OUTER_BOUND('',#393,.T.);
#209=FACE_OUTER_BOUND('',#394,.T.);
#210=FACE_OUTER_BOUND('',#395,.T.);
#211=FACE_OUTER_BOUND('',#396,.T.);
#212=FACE_OUTER_BOUND('',#397,.T.);
#213=FACE_OUTER_BOUND('',#398,.T.);
#214=FACE_OUTER_BOUND('',#399,.T.);
#215=FACE_OUTER_BOUND('',#400,.T.);
#216=FACE_OUTER_BOUND('',#401,.T.);
#217=FACE_OUTER_BOUND('',#402,.T.);
#218=FACE_OUTER_BOUND('',#403,.T.);
#219=FACE_OUTER_BOUND('',#404,.T.);
#220=FACE_OUTER_BOUND('',#405,.T.);
#221=FACE_OUTER_BOUND('',#406,.T.);
#222=FACE_OUTER_BOUND('',#407,.T.);
#223=FACE_OUTER_BOUND('',#408,.T.);
#224=FACE_OUTER_BOUND('',#409,.T.);
#225=FACE_OUTER_BOUND('',#410,.T.);
#226=FACE_OUTER_BOUND('',#411,.T.);
#227=FACE_OUTER_BOUND('',#412,.T.);
#228=FACE_OUTER_BOUND('',#413,.T.);
#229=FACE_OUTER_BOUND('',#414,.T.);
#230=FACE_OUTER_BOUND('',#415,.T.);
#231=FACE_OUTER_BOUND('',#416,.T.);
#232=FACE_OUTER_BOUND('',#417,.T.);
#233=FACE_OUTER_BOUND('',#418,.T.);
#234=FACE_OUTER_BOUND('',#419,.T.);
#235=FACE_OUTER_BOUND('',#420,.T.);
#236=FACE_OUTER_BOUND('',#421,.T.);
#237=FACE_OUTER_BOUND('',#422,.T.);
#238=FACE_OUTER_BOUND('',#423,.T.);
#239=FACE_OUTER_BOUND('',#424,.T.);
#240=FACE_OUTER_BOUND('',#425,.T.);
#241=FACE_OUTER_BOUND('',#426,.T.);
#242=FACE_OUTER_BOUND('',#427,.T.);
#243=FACE_OUTER_BOUND('',#428,.T.);
#244=FACE_OUTER_BOUND('',#429,.T.);
#245=FACE_OUTER_BOUND('',#430,.T.);
#246=FACE_OUTER_BOUND('',#431,.T.);
#247=FACE_OUTER_BOUND('',#432,.T.);
#248=FACE_OUTER_BOUND('',#433,.T.);
#249=FACE_OUTER_BOUND('',#434,.T.);
#250=FACE_OUTER_BOUND('',#435,.T.);
#251=FACE_OUTER_BOUND('',#436,.T.);
#252=FACE_OUTER_BOUND('',#437,.T.);
#253=FACE_OUTER_BOUND('',#438,.T.);
#254=FACE_OUTER_BOUND('',#439,.T.);
#255=FACE_OUTER_BOUND('',#440,.T.);
#256=FACE_OUTER_BOUND('',#441,.T.);
#257=FACE_OUTER_BOUND('',#442,.T.);
#258=FACE_OUTER_BOUND('',#443,.T.);
#259=FACE_OUTER_BOUND('',#444,.T.);
#260=FACE_OUTER_BOUND('',#445,.T.);
#261=FACE_OUTER_BOUND('',#446,.T.);
#262=FACE_OUTER_BOUND('',#447,.T.);
#263=FACE_OUTER_BOUND('',#448,.T.);
#264=FACE_OUTER_BOUND('',#449,.T.);
#265=FACE_OUTER_BOUND('',#450,.T.);
#266=FACE_OUTER_BOUND('',#451,.T.);
#267=FACE_OUTER_BOUND('',#452,.T.);
#268=FACE_OUTER_BOUND('',#453,.T.);
#269=FACE_OUTER_BOUND('',#454,.T.);
#270=FACE_OUTER_BOUND('',#455,.T.);
#271=FACE_OUTER_BOUND('',#456,.T.);
#272=FACE_OUTER_BOUND('',#457,.T.);
#273=FACE_OUTER_BOUND('',#458,.T.);
#274=FACE_OUTER_BOUND('',#459,.T.);
#275=FACE_OUTER_BOUND('',#460,.T.);
#276=FACE_OUTER_BOUND('',#461,.T.);
#277=FACE_OUTER_BOUND('',#462,.T.);
#278=FACE_OUTER_BOUND('',#463,.T.);
#279=FACE_OUTER_BOUND('',#464,.T.);
#280=FACE_OUTER_BOUND('',#465,.T.);
#281=FACE_OUTER_BOUND('',#466,.T.);
#282=FACE_OUTER_BOUND('',#467,.T.);
#283=FACE_OUTER_BOUND('',#468,.T.);
#284=FACE_OUTER_BOUND('',#469,.T.);
#285=FACE_OUTER_BOUND('',#470,.T.);
#286=FACE_OUTER_BOUND('',#471,.T.);
#287=FACE_OUTER_BOUND('',#472,.T.);
#288=FACE_OUTER_BOUND('',#473,.T.);
#289=FACE_OUTER_BOUND('',#474,.T.);
#290=FACE_OUTER_BOUND('',#475,.T.);
#291=FACE_OUTER_BOUND('',#476,.T.);
#292=FACE_OUTER_BOUND('',#477,.T.);
#293=FACE_OUTER_BOUND('',#478,.T.);
#294=FACE_OUTER_BOUND('',#479,.T.);
#295=FACE_OUTER_BOUND('',#480,.T.);
#296=FACE_OUTER_BOUND('',#481,.T.);
#297=FACE_OUTER_BOUND('',#482,.T.);
#298=FACE_OUTER_BOUND('',#483,.T.);
#299=FACE_OUTER_BOUND('',#484,.T.);
#300=FACE_OUTER_BOUND('',#485,.T.);
#301=FACE_OUTER_BOUND('',#486,.T.);
#302=FACE_OUTER_BOUND('',#487,.T.);
#303=FACE_OUTER_BOUND('',#488,.T.);
#304=EDGE_LOOP('',(#2022,#2023,#2024,#2025));
#305=EDGE_LOOP('',(#2026,#2027,#2028,#2029,#2030,#2031,#2032,#2033));
#306=EDGE_LOOP('',(#2034));
#307=EDGE_LOOP('',(#2035));
#308=EDGE_LOOP('',(#2036));
#309=EDGE_LOOP('',(#2037));
#310=EDGE_LOOP('',(#2038,#2039,#2040,#2041));
#311=EDGE_LOOP('',(#2042,#2043,#2044,#2045));
#312=EDGE_LOOP('',(#2046,#2047,#2048,#2049));
#313=EDGE_LOOP('',(#2050,#2051,#2052,#2053));
#314=EDGE_LOOP('',(#2054,#2055,#2056,#2057));
#315=EDGE_LOOP('',(#2058,#2059,#2060,#2061,#2062,#2063,#2064,#2065));
#316=EDGE_LOOP('',(#2066,#2067,#2068,#2069));
#317=EDGE_LOOP('',(#2070,#2071,#2072,#2073));
#318=EDGE_LOOP('',(#2074,#2075,#2076,#2077));
#319=EDGE_LOOP('',(#2078,#2079,#2080,#2081,#2082));
#320=EDGE_LOOP('',(#2083,#2084,#2085,#2086));
#321=EDGE_LOOP('',(#2087,#2088,#2089,#2090));
#322=EDGE_LOOP('',(#2091,#2092,#2093,#2094,#2095));
#323=EDGE_LOOP('',(#2096,#2097,#2098,#2099));
#324=EDGE_LOOP('',(#2100,#2101,#2102,#2103));
#325=EDGE_LOOP('',(#2104,#2105,#2106,#2107));
#326=EDGE_LOOP('',(#2108,#2109,#2110,#2111,#2112,#2113,#2114,#2115,#2116,
#2117,#2118,#2119));
#327=EDGE_LOOP('',(#2120,#2121,#2122,#2123));
#328=EDGE_LOOP('',(#2124,#2125,#2126,#2127));
#329=EDGE_LOOP('',(#2128,#2129,#2130,#2131));
#330=EDGE_LOOP('',(#2132,#2133,#2134,#2135));
#331=EDGE_LOOP('',(#2136,#2137,#2138,#2139));
#332=EDGE_LOOP('',(#2140,#2141,#2142,#2143));
#333=EDGE_LOOP('',(#2144,#2145,#2146,#2147));
#334=EDGE_LOOP('',(#2148,#2149,#2150,#2151));
#335=EDGE_LOOP('',(#2152,#2153,#2154,#2155));
#336=EDGE_LOOP('',(#2156,#2157,#2158,#2159,#2160,#2161));
#337=EDGE_LOOP('',(#2162,#2163,#2164,#2165,#2166,#2167,#2168,#2169));
#338=EDGE_LOOP('',(#2170));
#339=EDGE_LOOP('',(#2171));
#340=EDGE_LOOP('',(#2172));
#341=EDGE_LOOP('',(#2173));
#342=EDGE_LOOP('',(#2174,#2175,#2176,#2177));
#343=EDGE_LOOP('',(#2178,#2179,#2180,#2181));
#344=EDGE_LOOP('',(#2182,#2183,#2184,#2185,#2186,#2187,#2188,#2189));
#345=EDGE_LOOP('',(#2190,#2191,#2192,#2193,#2194));
#346=EDGE_LOOP('',(#2195,#2196,#2197,#2198));
#347=EDGE_LOOP('',(#2199));
#348=EDGE_LOOP('',(#2200,#2201,#2202,#2203,#2204,#2205,#2206,#2207));
#349=EDGE_LOOP('',(#2208,#2209,#2210,#2211,#2212,#2213,#2214,#2215));
#350=EDGE_LOOP('',(#2216,#2217,#2218,#2219,#2220,#2221,#2222,#2223));
#351=EDGE_LOOP('',(#2224,#2225,#2226,#2227,#2228,#2229,#2230,#2231));
#352=EDGE_LOOP('',(#2232,#2233,#2234,#2235,#2236,#2237,#2238,#2239));
#353=EDGE_LOOP('',(#2240,#2241,#2242,#2243,#2244,#2245,#2246,#2247));
#354=EDGE_LOOP('',(#2248,#2249,#2250,#2251,#2252,#2253,#2254,#2255));
#355=EDGE_LOOP('',(#2256,#2257,#2258,#2259,#2260,#2261,#2262,#2263));
#356=EDGE_LOOP('',(#2264,#2265,#2266,#2267,#2268,#2269,#2270,#2271));
#357=EDGE_LOOP('',(#2272,#2273,#2274,#2275,#2276,#2277,#2278,#2279));
#358=EDGE_LOOP('',(#2280,#2281,#2282,#2283,#2284,#2285,#2286,#2287));
#359=EDGE_LOOP('',(#2288,#2289,#2290,#2291,#2292,#2293,#2294,#2295));
#360=EDGE_LOOP('',(#2296,#2297,#2298,#2299,#2300,#2301,#2302,#2303));
#361=EDGE_LOOP('',(#2304));
#362=EDGE_LOOP('',(#2305));
#363=EDGE_LOOP('',(#2306));
#364=EDGE_LOOP('',(#2307));
#365=EDGE_LOOP('',(#2308,#2309,#2310,#2311));
#366=EDGE_LOOP('',(#2312,#2313,#2314,#2315));
#367=EDGE_LOOP('',(#2316,#2317,#2318,#2319));
#368=EDGE_LOOP('',(#2320,#2321,#2322,#2323));
#369=EDGE_LOOP('',(#2324,#2325,#2326,#2327));
#370=EDGE_LOOP('',(#2328,#2329,#2330,#2331));
#371=EDGE_LOOP('',(#2332,#2333,#2334,#2335));
#372=EDGE_LOOP('',(#2336,#2337,#2338,#2339));
#373=EDGE_LOOP('',(#2340,#2341,#2342,#2343));
#374=EDGE_LOOP('',(#2344,#2345,#2346,#2347));
#375=EDGE_LOOP('',(#2348,#2349,#2350,#2351));
#376=EDGE_LOOP('',(#2352,#2353,#2354,#2355));
#377=EDGE_LOOP('',(#2356,#2357,#2358,#2359));
#378=EDGE_LOOP('',(#2360,#2361,#2362,#2363));
#379=EDGE_LOOP('',(#2364,#2365,#2366,#2367));
#380=EDGE_LOOP('',(#2368,#2369,#2370,#2371));
#381=EDGE_LOOP('',(#2372,#2373,#2374,#2375,#2376,#2377));
#382=EDGE_LOOP('',(#2378,#2379,#2380,#2381));
#383=EDGE_LOOP('',(#2382,#2383,#2384,#2385));
#384=EDGE_LOOP('',(#2386,#2387,#2388,#2389));
#385=EDGE_LOOP('',(#2390,#2391,#2392,#2393));
#386=EDGE_LOOP('',(#2394,#2395,#2396,#2397));
#387=EDGE_LOOP('',(#2398,#2399,#2400,#2401));
#388=EDGE_LOOP('',(#2402,#2403,#2404,#2405));
#389=EDGE_LOOP('',(#2406,#2407,#2408,#2409));
#390=EDGE_LOOP('',(#2410,#2411,#2412,#2413));
#391=EDGE_LOOP('',(#2414,#2415,#2416,#2417));
#392=EDGE_LOOP('',(#2418,#2419,#2420,#2421));
#393=EDGE_LOOP('',(#2422,#2423,#2424,#2425));
#394=EDGE_LOOP('',(#2426,#2427,#2428,#2429));
#395=EDGE_LOOP('',(#2430,#2431,#2432,#2433));
#396=EDGE_LOOP('',(#2434,#2435,#2436,#2437));
#397=EDGE_LOOP('',(#2438,#2439,#2440,#2441));
#398=EDGE_LOOP('',(#2442,#2443,#2444,#2445));
#399=EDGE_LOOP('',(#2446,#2447,#2448,#2449));
#400=EDGE_LOOP('',(#2450,#2451,#2452,#2453));
#401=EDGE_LOOP('',(#2454,#2455,#2456,#2457));
#402=EDGE_LOOP('',(#2458,#2459,#2460,#2461));
#403=EDGE_LOOP('',(#2462,#2463,#2464,#2465));
#404=EDGE_LOOP('',(#2466,#2467,#2468,#2469));
#405=EDGE_LOOP('',(#2470,#2471,#2472,#2473));
#406=EDGE_LOOP('',(#2474,#2475,#2476,#2477));
#407=EDGE_LOOP('',(#2478,#2479,#2480,#2481));
#408=EDGE_LOOP('',(#2482,#2483,#2484,#2485));
#409=EDGE_LOOP('',(#2486,#2487,#2488,#2489));
#410=EDGE_LOOP('',(#2490,#2491,#2492,#2493));
#411=EDGE_LOOP('',(#2494,#2495,#2496,#2497));
#412=EDGE_LOOP('',(#2498,#2499,#2500,#2501));
#413=EDGE_LOOP('',(#2502,#2503,#2504,#2505));
#414=EDGE_LOOP('',(#2506,#2507,#2508,#2509));
#415=EDGE_LOOP('',(#2510,#2511,#2512,#2513));
#416=EDGE_LOOP('',(#2514,#2515,#2516,#2517));
#417=EDGE_LOOP('',(#2518,#2519,#2520,#2521));
#418=EDGE_LOOP('',(#2522,#2523,#2524,#2525));
#419=EDGE_LOOP('',(#2526,#2527,#2528,#2529));
#420=EDGE_LOOP('',(#2530,#2531,#2532,#2533));
#421=EDGE_LOOP('',(#2534,#2535,#2536,#2537));
#422=EDGE_LOOP('',(#2538,#2539,#2540,#2541));
#423=EDGE_LOOP('',(#2542,#2543,#2544,#2545));
#424=EDGE_LOOP('',(#2546,#2547,#2548,#2549));
#425=EDGE_LOOP('',(#2550,#2551,#2552,#2553));
#426=EDGE_LOOP('',(#2554,#2555,#2556,#2557));
#427=EDGE_LOOP('',(#2558,#2559,#2560,#2561));
#428=EDGE_LOOP('',(#2562,#2563,#2564,#2565));
#429=EDGE_LOOP('',(#2566,#2567,#2568,#2569));
#430=EDGE_LOOP('',(#2570,#2571,#2572,#2573));
#431=EDGE_LOOP('',(#2574,#2575,#2576,#2577));
#432=EDGE_LOOP('',(#2578,#2579,#2580,#2581));
#433=EDGE_LOOP('',(#2582,#2583,#2584,#2585));
#434=EDGE_LOOP('',(#2586,#2587,#2588,#2589));
#435=EDGE_LOOP('',(#2590,#2591,#2592,#2593));
#436=EDGE_LOOP('',(#2594,#2595,#2596,#2597));
#437=EDGE_LOOP('',(#2598,#2599,#2600,#2601));
#438=EDGE_LOOP('',(#2602,#2603,#2604,#2605));
#439=EDGE_LOOP('',(#2606,#2607,#2608,#2609));
#440=EDGE_LOOP('',(#2610,#2611,#2612,#2613));
#441=EDGE_LOOP('',(#2614,#2615,#2616,#2617));
#442=EDGE_LOOP('',(#2618,#2619,#2620,#2621));
#443=EDGE_LOOP('',(#2622,#2623,#2624,#2625));
#444=EDGE_LOOP('',(#2626,#2627,#2628,#2629));
#445=EDGE_LOOP('',(#2630,#2631,#2632,#2633));
#446=EDGE_LOOP('',(#2634,#2635,#2636,#2637));
#447=EDGE_LOOP('',(#2638,#2639,#2640,#2641));
#448=EDGE_LOOP('',(#2642,#2643,#2644,#2645));
#449=EDGE_LOOP('',(#2646,#2647,#2648,#2649));
#450=EDGE_LOOP('',(#2650,#2651,#2652,#2653));
#451=EDGE_LOOP('',(#2654,#2655,#2656,#2657));
#452=EDGE_LOOP('',(#2658,#2659,#2660,#2661));
#453=EDGE_LOOP('',(#2662,#2663,#2664,#2665));
#454=EDGE_LOOP('',(#2666,#2667,#2668,#2669));
#455=EDGE_LOOP('',(#2670,#2671,#2672,#2673));
#456=EDGE_LOOP('',(#2674,#2675,#2676,#2677));
#457=EDGE_LOOP('',(#2678,#2679,#2680,#2681));
#458=EDGE_LOOP('',(#2682,#2683,#2684,#2685));
#459=EDGE_LOOP('',(#2686,#2687,#2688,#2689));
#460=EDGE_LOOP('',(#2690,#2691,#2692,#2693));
#461=EDGE_LOOP('',(#2694,#2695,#2696,#2697));
#462=EDGE_LOOP('',(#2698,#2699,#2700,#2701));
#463=EDGE_LOOP('',(#2702,#2703,#2704,#2705));
#464=EDGE_LOOP('',(#2706,#2707,#2708,#2709));
#465=EDGE_LOOP('',(#2710,#2711,#2712,#2713));
#466=EDGE_LOOP('',(#2714,#2715,#2716,#2717));
#467=EDGE_LOOP('',(#2718,#2719,#2720,#2721));
#468=EDGE_LOOP('',(#2722,#2723,#2724,#2725));
#469=EDGE_LOOP('',(#2726,#2727,#2728,#2729));
#470=EDGE_LOOP('',(#2730,#2731,#2732,#2733));
#471=EDGE_LOOP('',(#2734,#2735,#2736,#2737));
#472=EDGE_LOOP('',(#2738,#2739,#2740,#2741));
#473=EDGE_LOOP('',(#2742,#2743,#2744,#2745));
#474=EDGE_LOOP('',(#2746,#2747,#2748,#2749));
#475=EDGE_LOOP('',(#2750,#2751,#2752,#2753));
#476=EDGE_LOOP('',(#2754,#2755,#2756,#2757));
#477=EDGE_LOOP('',(#2758,#2759,#2760,#2761));
#478=EDGE_LOOP('',(#2762,#2763,#2764,#2765));
#479=EDGE_LOOP('',(#2766,#2767,#2768,#2769));
#480=EDGE_LOOP('',(#2770,#2771,#2772,#2773));
#481=EDGE_LOOP('',(#2774,#2775,#2776,#2777));
#482=EDGE_LOOP('',(#2778,#2779,#2780,#2781));
#483=EDGE_LOOP('',(#2782,#2783,#2784,#2785));
#484=EDGE_LOOP('',(#2786,#2787,#2788,#2789));
#485=EDGE_LOOP('',(#2790,#2791,#2792,#2793));
#486=EDGE_LOOP('',(#2794,#2795,#2796,#2797));
#487=EDGE_LOOP('',(#2798,#2799,#2800,#2801));
#488=EDGE_LOOP('',(#2802,#2803,#2804,#2805,#2806,#2807,#2808,#2809));
#489=EDGE_LOOP('',(#2810,#2811,#2812,#2813,#2814,#2815,#2816,#2817));
#490=EDGE_LOOP('',(#2818,#2819,#2820,#2821));
#491=EDGE_LOOP('',(#2822));
#492=EDGE_LOOP('',(#2823,#2824,#2825,#2826,#2827,#2828,#2829,#2830));
#493=EDGE_LOOP('',(#2831,#2832,#2833,#2834,#2835,#2836,#2837,#2838));
#494=EDGE_LOOP('',(#2839,#2840,#2841,#2842,#2843,#2844,#2845,#2846));
#495=EDGE_LOOP('',(#2847,#2848,#2849,#2850,#2851,#2852,#2853,#2854));
#496=EDGE_LOOP('',(#2855,#2856,#2857,#2858,#2859,#2860,#2861,#2862));
#497=EDGE_LOOP('',(#2863,#2864,#2865,#2866,#2867,#2868,#2869,#2870));
#498=EDGE_LOOP('',(#2871,#2872,#2873,#2874,#2875,#2876,#2877,#2878));
#499=EDGE_LOOP('',(#2879,#2880,#2881,#2882,#2883,#2884,#2885,#2886));
#500=EDGE_LOOP('',(#2887,#2888,#2889,#2890,#2891,#2892,#2893,#2894));
#501=EDGE_LOOP('',(#2895,#2896,#2897,#2898,#2899,#2900,#2901,#2902));
#502=EDGE_LOOP('',(#2903,#2904,#2905,#2906,#2907,#2908,#2909,#2910));
#503=EDGE_LOOP('',(#2911,#2912,#2913,#2914,#2915,#2916,#2917,#2918));
#504=EDGE_LOOP('',(#2919,#2920,#2921,#2922,#2923));
#505=EDGE_LOOP('',(#2924));
#506=EDGE_LOOP('',(#2925));
#507=EDGE_LOOP('',(#2926));
#508=EDGE_LOOP('',(#2927));
#509=LINE('',#4393,#814);
#510=LINE('',#4396,#815);
#511=LINE('',#4399,#816);
#512=LINE('',#4403,#817);
#513=LINE('',#4407,#818);
#514=LINE('',#4410,#819);
#515=LINE('',#4421,#820);
#516=LINE('',#4423,#821);
#517=LINE('',#4425,#822);
#518=LINE('',#4426,#823);
#519=LINE('',#4429,#824);
#520=LINE('',#4430,#825);
#521=LINE('',#4434,#826);
#522=LINE('',#4437,#827);
#523=LINE('',#4440,#828);
#524=LINE('',#4443,#829);
#525=LINE('',#4444,#830);
#526=LINE('',#4447,#831);
#527=LINE('',#4451,#832);
#528=LINE('',#4455,#833);
#529=LINE('',#4459,#834);
#530=LINE('',#4464,#835);
#531=LINE('',#4469,#836);
#532=LINE('',#4470,#837);
#533=LINE('',#4473,#838);
#534=LINE('',#4474,#839);
#535=LINE('',#4479,#840);
#536=LINE('',#4483,#841);
#537=LINE('',#4484,#842);
#538=LINE('',#4487,#843);
#539=LINE('',#4492,#844);
#540=LINE('',#4495,#845);
#541=LINE('',#4496,#846);
#542=LINE('',#4500,#847);
#543=LINE('',#4502,#848);
#544=LINE('',#4505,#849);
#545=LINE('',#4506,#850);
#546=LINE('',#4508,#851);
#547=LINE('',#4509,#852);
#548=LINE('',#4512,#853);
#549=LINE('',#4513,#854);
#550=LINE('',#4516,#855);
#551=LINE('',#4517,#856);
#552=LINE('',#4519,#857);
#553=LINE('',#4522,#858);
#554=LINE('',#4526,#859);
#555=LINE('',#4530,#860);
#556=LINE('',#4534,#861);
#557=LINE('',#4537,#862);
#558=LINE('',#4539,#863);
#559=LINE('',#4547,#864);
#560=LINE('',#4550,#865);
#561=LINE('',#4553,#866);
#562=LINE('',#4555,#867);
#563=LINE('',#4556,#868);
#564=LINE('',#4559,#869);
#565=LINE('',#4563,#870);
#566=LINE('',#4567,#871);
#567=LINE('',#4571,#872);
#568=LINE('',#4573,#873);
#569=LINE('',#4575,#874);
#570=LINE('',#4577,#875);
#571=LINE('',#4578,#876);
#572=LINE('',#4581,#877);
#573=LINE('',#4583,#878);
#574=LINE('',#4585,#879);
#575=LINE('',#4586,#880);
#576=LINE('',#4593,#881);
#577=LINE('',#4597,#882);
#578=LINE('',#4601,#883);
#579=LINE('',#4604,#884);
#580=LINE('',#4609,#885);
#581=LINE('',#4613,#886);
#582=LINE('',#4617,#887);
#583=LINE('',#4620,#888);
#584=LINE('',#4625,#889);
#585=LINE('',#4629,#890);
#586=LINE('',#4633,#891);
#587=LINE('',#4636,#892);
#588=LINE('',#4641,#893);
#589=LINE('',#4645,#894);
#590=LINE('',#4649,#895);
#591=LINE('',#4652,#896);
#592=LINE('',#4657,#897);
#593=LINE('',#4661,#898);
#594=LINE('',#4665,#899);
#595=LINE('',#4668,#900);
#596=LINE('',#4673,#901);
#597=LINE('',#4677,#902);
#598=LINE('',#4681,#903);
#599=LINE('',#4684,#904);
#600=LINE('',#4689,#905);
#601=LINE('',#4693,#906);
#602=LINE('',#4697,#907);
#603=LINE('',#4700,#908);
#604=LINE('',#4705,#909);
#605=LINE('',#4709,#910);
#606=LINE('',#4713,#911);
#607=LINE('',#4716,#912);
#608=LINE('',#4721,#913);
#609=LINE('',#4725,#914);
#610=LINE('',#4729,#915);
#611=LINE('',#4732,#916);
#612=LINE('',#4737,#917);
#613=LINE('',#4741,#918);
#614=LINE('',#4745,#919);
#615=LINE('',#4748,#920);
#616=LINE('',#4753,#921);
#617=LINE('',#4757,#922);
#618=LINE('',#4761,#923);
#619=LINE('',#4764,#924);
#620=LINE('',#4769,#925);
#621=LINE('',#4773,#926);
#622=LINE('',#4777,#927);
#623=LINE('',#4780,#928);
#624=LINE('',#4783,#929);
#625=LINE('',#4787,#930);
#626=LINE('',#4791,#931);
#627=LINE('',#4795,#932);
#628=LINE('',#4807,#933);
#629=LINE('',#4811,#934);
#630=LINE('',#4812,#935);
#631=LINE('',#4815,#936);
#632=LINE('',#4818,#937);
#633=LINE('',#4821,#938);
#634=LINE('',#4822,#939);
#635=LINE('',#4829,#940);
#636=LINE('',#4830,#941);
#637=LINE('',#4833,#942);
#638=LINE('',#4834,#943);
#639=LINE('',#4838,#944);
#640=LINE('',#4841,#945);
#641=LINE('',#4842,#946);
#642=LINE('',#4846,#947);
#643=LINE('',#4851,#948);
#644=LINE('',#4852,#949);
#645=LINE('',#4854,#950);
#646=LINE('',#4857,#951);
#647=LINE('',#4861,#952);
#648=LINE('',#4865,#953);
#649=LINE('',#4869,#954);
#650=LINE('',#4873,#955);
#651=LINE('',#4875,#956);
#652=LINE('',#4877,#957);
#653=LINE('',#4878,#958);
#654=LINE('',#4881,#959);
#655=LINE('',#4883,#960);
#656=LINE('',#4884,#961);
#657=LINE('',#4888,#962);
#658=LINE('',#4891,#963);
#659=LINE('',#4892,#964);
#660=LINE('',#4896,#965);
#661=LINE('',#4899,#966);
#662=LINE('',#4900,#967);
#663=LINE('',#4904,#968);
#664=LINE('',#4907,#969);
#665=LINE('',#4908,#970);
#666=LINE('',#4913,#971);
#667=LINE('',#4915,#972);
#668=LINE('',#4916,#973);
#669=LINE('',#4920,#974);
#670=LINE('',#4923,#975);
#671=LINE('',#4924,#976);
#672=LINE('',#4928,#977);
#673=LINE('',#4931,#978);
#674=LINE('',#4932,#979);
#675=LINE('',#4936,#980);
#676=LINE('',#4939,#981);
#677=LINE('',#4940,#982);
#678=LINE('',#4945,#983);
#679=LINE('',#4947,#984);
#680=LINE('',#4948,#985);
#681=LINE('',#4952,#986);
#682=LINE('',#4955,#987);
#683=LINE('',#4956,#988);
#684=LINE('',#4960,#989);
#685=LINE('',#4963,#990);
#686=LINE('',#4964,#991);
#687=LINE('',#4968,#992);
#688=LINE('',#4971,#993);
#689=LINE('',#4972,#994);
#690=LINE('',#4977,#995);
#691=LINE('',#4979,#996);
#692=LINE('',#4980,#997);
#693=LINE('',#4984,#998);
#694=LINE('',#4987,#999);
#695=LINE('',#4988,#1000);
#696=LINE('',#4992,#1001);
#697=LINE('',#4995,#1002);
#698=LINE('',#4996,#1003);
#699=LINE('',#5000,#1004);
#700=LINE('',#5003,#1005);
#701=LINE('',#5004,#1006);
#702=LINE('',#5009,#1007);
#703=LINE('',#5011,#1008);
#704=LINE('',#5012,#1009);
#705=LINE('',#5016,#1010);
#706=LINE('',#5019,#1011);
#707=LINE('',#5020,#1012);
#708=LINE('',#5024,#1013);
#709=LINE('',#5027,#1014);
#710=LINE('',#5028,#1015);
#711=LINE('',#5032,#1016);
#712=LINE('',#5035,#1017);
#713=LINE('',#5036,#1018);
#714=LINE('',#5041,#1019);
#715=LINE('',#5043,#1020);
#716=LINE('',#5044,#1021);
#717=LINE('',#5048,#1022);
#718=LINE('',#5051,#1023);
#719=LINE('',#5052,#1024);
#720=LINE('',#5056,#1025);
#721=LINE('',#5059,#1026);
#722=LINE('',#5060,#1027);
#723=LINE('',#5064,#1028);
#724=LINE('',#5067,#1029);
#725=LINE('',#5068,#1030);
#726=LINE('',#5073,#1031);
#727=LINE('',#5075,#1032);
#728=LINE('',#5076,#1033);
#729=LINE('',#5080,#1034);
#730=LINE('',#5083,#1035);
#731=LINE('',#5084,#1036);
#732=LINE('',#5088,#1037);
#733=LINE('',#5091,#1038);
#734=LINE('',#5092,#1039);
#735=LINE('',#5096,#1040);
#736=LINE('',#5099,#1041);
#737=LINE('',#5100,#1042);
#738=LINE('',#5105,#1043);
#739=LINE('',#5107,#1044);
#740=LINE('',#5108,#1045);
#741=LINE('',#5112,#1046);
#742=LINE('',#5115,#1047);
#743=LINE('',#5116,#1048);
#744=LINE('',#5120,#1049);
#745=LINE('',#5123,#1050);
#746=LINE('',#5124,#1051);
#747=LINE('',#5128,#1052);
#748=LINE('',#5131,#1053);
#749=LINE('',#5132,#1054);
#750=LINE('',#5137,#1055);
#751=LINE('',#5139,#1056);
#752=LINE('',#5140,#1057);
#753=LINE('',#5144,#1058);
#754=LINE('',#5147,#1059);
#755=LINE('',#5148,#1060);
#756=LINE('',#5152,#1061);
#757=LINE('',#5155,#1062);
#758=LINE('',#5156,#1063);
#759=LINE('',#5160,#1064);
#760=LINE('',#5163,#1065);
#761=LINE('',#5164,#1066);
#762=LINE('',#5169,#1067);
#763=LINE('',#5171,#1068);
#764=LINE('',#5172,#1069);
#765=LINE('',#5176,#1070);
#766=LINE('',#5179,#1071);
#767=LINE('',#5180,#1072);
#768=LINE('',#5184,#1073);
#769=LINE('',#5187,#1074);
#770=LINE('',#5188,#1075);
#771=LINE('',#5192,#1076);
#772=LINE('',#5195,#1077);
#773=LINE('',#5196,#1078);
#774=LINE('',#5201,#1079);
#775=LINE('',#5203,#1080);
#776=LINE('',#5204,#1081);
#777=LINE('',#5208,#1082);
#778=LINE('',#5211,#1083);
#779=LINE('',#5212,#1084);
#780=LINE('',#5216,#1085);
#781=LINE('',#5219,#1086);
#782=LINE('',#5220,#1087);
#783=LINE('',#5224,#1088);
#784=LINE('',#5227,#1089);
#785=LINE('',#5228,#1090);
#786=LINE('',#5233,#1091);
#787=LINE('',#5235,#1092);
#788=LINE('',#5236,#1093);
#789=LINE('',#5240,#1094);
#790=LINE('',#5243,#1095);
#791=LINE('',#5244,#1096);
#792=LINE('',#5248,#1097);
#793=LINE('',#5251,#1098);
#794=LINE('',#5252,#1099);
#795=LINE('',#5256,#1100);
#796=LINE('',#5259,#1101);
#797=LINE('',#5260,#1102);
#798=LINE('',#5265,#1103);
#799=LINE('',#5270,#1104);
#800=LINE('',#5271,#1105);
#801=LINE('',#5272,#1106);
#802=LINE('',#5275,#1107);
#803=LINE('',#5276,#1108);
#804=LINE('',#5279,#1109);
#805=LINE('',#5280,#1110);
#806=LINE('',#5282,#1111);
#807=LINE('',#5284,#1112);
#808=LINE('',#5287,#1113);
#809=LINE('',#5288,#1114);
#810=LINE('',#5291,#1115);
#811=LINE('',#5292,#1116);
#812=LINE('',#5294,#1117);
#813=LINE('',#5296,#1118);
#814=VECTOR('',#3480,10.);
#815=VECTOR('',#3483,10.);
#816=VECTOR('',#3486,10.);
#817=VECTOR('',#3489,10.);
#818=VECTOR('',#3492,10.);
#819=VECTOR('',#3495,10.);
#820=VECTOR('',#3504,10.);
#821=VECTOR('',#3505,10.);
#822=VECTOR('',#3506,10.);
#823=VECTOR('',#3507,10.);
#824=VECTOR('',#3510,10.);
#825=VECTOR('',#3511,10.);
#826=VECTOR('',#3516,10.);
#827=VECTOR('',#3519,10.);
#828=VECTOR('',#3522,10.);
#829=VECTOR('',#3525,10.);
#830=VECTOR('',#3526,10.);
#831=VECTOR('',#3527,10.);
#832=VECTOR('',#3530,10.);
#833=VECTOR('',#3533,10.);
#834=VECTOR('',#3536,10.);
#835=VECTOR('',#3543,10.);
#836=VECTOR('',#3548,10.);
#837=VECTOR('',#3549,10.);
#838=VECTOR('',#3552,10.);
#839=VECTOR('',#3553,10.);
#840=VECTOR('',#3558,10.);
#841=VECTOR('',#3563,10.);
#842=VECTOR('',#3564,10.);
#843=VECTOR('',#3567,10.);
#844=VECTOR('',#3574,10.);
#845=VECTOR('',#3577,10.);
#846=VECTOR('',#3578,10.);
#847=VECTOR('',#3583,10.);
#848=VECTOR('',#3586,10.);
#849=VECTOR('',#3589,10.);
#850=VECTOR('',#3590,10.);
#851=VECTOR('',#3591,10.);
#852=VECTOR('',#3592,10.);
#853=VECTOR('',#3595,10.);
#854=VECTOR('',#3596,10.);
#855=VECTOR('',#3599,10.);
#856=VECTOR('',#3600,10.);
#857=VECTOR('',#3603,10.);
#858=VECTOR('',#3606,1.45);
#859=VECTOR('',#3611,1.45);
#860=VECTOR('',#3616,1.45);
#861=VECTOR('',#3621,1.45);
#862=VECTOR('',#3626,10.);
#863=VECTOR('',#3629,10.);
#864=VECTOR('',#3638,10.);
#865=VECTOR('',#3641,10.);
#866=VECTOR('',#3644,10.);
#867=VECTOR('',#3645,10.);
#868=VECTOR('',#3646,10.);
#869=VECTOR('',#3649,10.);
#870=VECTOR('',#3652,10.);
#871=VECTOR('',#3655,10.);
#872=VECTOR('',#3658,10.);
#873=VECTOR('',#3659,10.);
#874=VECTOR('',#3660,10.);
#875=VECTOR('',#3661,10.);
#876=VECTOR('',#3662,10.);
#877=VECTOR('',#3663,10.);
#878=VECTOR('',#3664,10.);
#879=VECTOR('',#3665,10.);
#880=VECTOR('',#3666,10.);
#881=VECTOR('',#3671,10.);
#882=VECTOR('',#3674,10.);
#883=VECTOR('',#3677,10.);
#884=VECTOR('',#3680,10.);
#885=VECTOR('',#3683,10.);
#886=VECTOR('',#3686,10.);
#887=VECTOR('',#3689,10.);
#888=VECTOR('',#3692,10.);
#889=VECTOR('',#3695,10.);
#890=VECTOR('',#3698,10.);
#891=VECTOR('',#3701,10.);
#892=VECTOR('',#3704,10.);
#893=VECTOR('',#3707,10.);
#894=VECTOR('',#3710,10.);
#895=VECTOR('',#3713,10.);
#896=VECTOR('',#3716,10.);
#897=VECTOR('',#3719,10.);
#898=VECTOR('',#3722,10.);
#899=VECTOR('',#3725,10.);
#900=VECTOR('',#3728,10.);
#901=VECTOR('',#3731,10.);
#902=VECTOR('',#3734,10.);
#903=VECTOR('',#3737,10.);
#904=VECTOR('',#3740,10.);
#905=VECTOR('',#3743,10.);
#906=VECTOR('',#3746,10.);
#907=VECTOR('',#3749,10.);
#908=VECTOR('',#3752,10.);
#909=VECTOR('',#3755,10.);
#910=VECTOR('',#3758,10.);
#911=VECTOR('',#3761,10.);
#912=VECTOR('',#3764,10.);
#913=VECTOR('',#3767,10.);
#914=VECTOR('',#3770,10.);
#915=VECTOR('',#3773,10.);
#916=VECTOR('',#3776,10.);
#917=VECTOR('',#3779,10.);
#918=VECTOR('',#3782,10.);
#919=VECTOR('',#3785,10.);
#920=VECTOR('',#3788,10.);
#921=VECTOR('',#3791,10.);
#922=VECTOR('',#3794,10.);
#923=VECTOR('',#3797,10.);
#924=VECTOR('',#3800,10.);
#925=VECTOR('',#3803,10.);
#926=VECTOR('',#3806,10.);
#927=VECTOR('',#3809,10.);
#928=VECTOR('',#3812,10.);
#929=VECTOR('',#3813,10.);
#930=VECTOR('',#3816,10.);
#931=VECTOR('',#3819,10.);
#932=VECTOR('',#3822,10.);
#933=VECTOR('',#3835,10.);
#934=VECTOR('',#3840,10.);
#935=VECTOR('',#3841,10.);
#936=VECTOR('',#3844,10.);
#937=VECTOR('',#3847,10.);
#938=VECTOR('',#3850,10.);
#939=VECTOR('',#3851,10.);
#940=VECTOR('',#3860,10.);
#941=VECTOR('',#3861,10.);
#942=VECTOR('',#3864,10.);
#943=VECTOR('',#3865,10.);
#944=VECTOR('',#3870,10.);
#945=VECTOR('',#3873,10.);
#946=VECTOR('',#3874,10.);
#947=VECTOR('',#3879,10.);
#948=VECTOR('',#3884,10.);
#949=VECTOR('',#3885,10.);
#950=VECTOR('',#3888,10.);
#951=VECTOR('',#3891,1.45);
#952=VECTOR('',#3896,1.45);
#953=VECTOR('',#3901,1.45);
#954=VECTOR('',#3906,1.45);
#955=VECTOR('',#3911,10.);
#956=VECTOR('',#3912,10.);
#957=VECTOR('',#3913,10.);
#958=VECTOR('',#3914,10.);
#959=VECTOR('',#3917,10.);
#960=VECTOR('',#3918,10.);
#961=VECTOR('',#3919,10.);
#962=VECTOR('',#3924,10.);
#963=VECTOR('',#3927,10.);
#964=VECTOR('',#3928,10.);
#965=VECTOR('',#3933,10.);
#966=VECTOR('',#3936,10.);
#967=VECTOR('',#3937,10.);
#968=VECTOR('',#3942,10.);
#969=VECTOR('',#3945,10.);
#970=VECTOR('',#3946,10.);
#971=VECTOR('',#3953,10.);
#972=VECTOR('',#3954,10.);
#973=VECTOR('',#3955,10.);
#974=VECTOR('',#3960,10.);
#975=VECTOR('',#3963,10.);
#976=VECTOR('',#3964,10.);
#977=VECTOR('',#3969,10.);
#978=VECTOR('',#3972,10.);
#979=VECTOR('',#3973,10.);
#980=VECTOR('',#3978,10.);
#981=VECTOR('',#3981,10.);
#982=VECTOR('',#3982,10.);
#983=VECTOR('',#3989,10.);
#984=VECTOR('',#3990,10.);
#985=VECTOR('',#3991,10.);
#986=VECTOR('',#3996,10.);
#987=VECTOR('',#3999,10.);
#988=VECTOR('',#4000,10.);
#989=VECTOR('',#4005,10.);
#990=VECTOR('',#4008,10.);
#991=VECTOR('',#4009,10.);
#992=VECTOR('',#4014,10.);
#993=VECTOR('',#4017,10.);
#994=VECTOR('',#4018,10.);
#995=VECTOR('',#4025,10.);
#996=VECTOR('',#4026,10.);
#997=VECTOR('',#4027,10.);
#998=VECTOR('',#4032,10.);
#999=VECTOR('',#4035,10.);
#1000=VECTOR('',#4036,10.);
#1001=VECTOR('',#4041,10.);
#1002=VECTOR('',#4044,10.);
#1003=VECTOR('',#4045,10.);
#1004=VECTOR('',#4050,10.);
#1005=VECTOR('',#4053,10.);
#1006=VECTOR('',#4054,10.);
#1007=VECTOR('',#4061,10.);
#1008=VECTOR('',#4062,10.);
#1009=VECTOR('',#4063,10.);
#1010=VECTOR('',#4068,10.);
#1011=VECTOR('',#4071,10.);
#1012=VECTOR('',#4072,10.);
#1013=VECTOR('',#4077,10.);
#1014=VECTOR('',#4080,10.);
#1015=VECTOR('',#4081,10.);
#1016=VECTOR('',#4086,10.);
#1017=VECTOR('',#4089,10.);
#1018=VECTOR('',#4090,10.);
#1019=VECTOR('',#4097,10.);
#1020=VECTOR('',#4098,10.);
#1021=VECTOR('',#4099,10.);
#1022=VECTOR('',#4104,10.);
#1023=VECTOR('',#4107,10.);
#1024=VECTOR('',#4108,10.);
#1025=VECTOR('',#4113,10.);
#1026=VECTOR('',#4116,10.);
#1027=VECTOR('',#4117,10.);
#1028=VECTOR('',#4122,10.);
#1029=VECTOR('',#4125,10.);
#1030=VECTOR('',#4126,10.);
#1031=VECTOR('',#4133,10.);
#1032=VECTOR('',#4134,10.);
#1033=VECTOR('',#4135,10.);
#1034=VECTOR('',#4140,10.);
#1035=VECTOR('',#4143,10.);
#1036=VECTOR('',#4144,10.);
#1037=VECTOR('',#4149,10.);
#1038=VECTOR('',#4152,10.);
#1039=VECTOR('',#4153,10.);
#1040=VECTOR('',#4158,10.);
#1041=VECTOR('',#4161,10.);
#1042=VECTOR('',#4162,10.);
#1043=VECTOR('',#4169,10.);
#1044=VECTOR('',#4170,10.);
#1045=VECTOR('',#4171,10.);
#1046=VECTOR('',#4176,10.);
#1047=VECTOR('',#4179,10.);
#1048=VECTOR('',#4180,10.);
#1049=VECTOR('',#4185,10.);
#1050=VECTOR('',#4188,10.);
#1051=VECTOR('',#4189,10.);
#1052=VECTOR('',#4194,10.);
#1053=VECTOR('',#4197,10.);
#1054=VECTOR('',#4198,10.);
#1055=VECTOR('',#4205,10.);
#1056=VECTOR('',#4206,10.);
#1057=VECTOR('',#4207,10.);
#1058=VECTOR('',#4212,10.);
#1059=VECTOR('',#4215,10.);
#1060=VECTOR('',#4216,10.);
#1061=VECTOR('',#4221,10.);
#1062=VECTOR('',#4224,10.);
#1063=VECTOR('',#4225,10.);
#1064=VECTOR('',#4230,10.);
#1065=VECTOR('',#4233,10.);
#1066=VECTOR('',#4234,10.);
#1067=VECTOR('',#4241,10.);
#1068=VECTOR('',#4242,10.);
#1069=VECTOR('',#4243,10.);
#1070=VECTOR('',#4248,10.);
#1071=VECTOR('',#4251,10.);
#1072=VECTOR('',#4252,10.);
#1073=VECTOR('',#4257,10.);
#1074=VECTOR('',#4260,10.);
#1075=VECTOR('',#4261,10.);
#1076=VECTOR('',#4266,10.);
#1077=VECTOR('',#4269,10.);
#1078=VECTOR('',#4270,10.);
#1079=VECTOR('',#4277,10.);
#1080=VECTOR('',#4278,10.);
#1081=VECTOR('',#4279,10.);
#1082=VECTOR('',#4284,10.);
#1083=VECTOR('',#4287,10.);
#1084=VECTOR('',#4288,10.);
#1085=VECTOR('',#4293,10.);
#1086=VECTOR('',#4296,10.);
#1087=VECTOR('',#4297,10.);
#1088=VECTOR('',#4302,10.);
#1089=VECTOR('',#4305,10.);
#1090=VECTOR('',#4306,10.);
#1091=VECTOR('',#4313,10.);
#1092=VECTOR('',#4314,10.);
#1093=VECTOR('',#4315,10.);
#1094=VECTOR('',#4320,10.);
#1095=VECTOR('',#4323,10.);
#1096=VECTOR('',#4324,10.);
#1097=VECTOR('',#4329,10.);
#1098=VECTOR('',#4332,10.);
#1099=VECTOR('',#4333,10.);
#1100=VECTOR('',#4338,10.);
#1101=VECTOR('',#4341,10.);
#1102=VECTOR('',#4342,10.);
#1103=VECTOR('',#4349,3.69999999999999);
#1104=VECTOR('',#4354,10.);
#1105=VECTOR('',#4355,10.);
#1106=VECTOR('',#4356,10.);
#1107=VECTOR('',#4359,10.);
#1108=VECTOR('',#4360,10.);
#1109=VECTOR('',#4363,10.);
#1110=VECTOR('',#4364,10.);
#1111=VECTOR('',#4367,10.);
#1112=VECTOR('',#4370,10.);
#1113=VECTOR('',#4373,10.);
#1114=VECTOR('',#4374,10.);
#1115=VECTOR('',#4377,10.);
#1116=VECTOR('',#4378,10.);
#1117=VECTOR('',#4381,10.);
#1118=VECTOR('',#4384,10.);
#1119=CIRCLE('',#3172,5.);
#1120=CIRCLE('',#3173,5.);
#1121=CIRCLE('',#3175,5.);
#1122=CIRCLE('',#3176,5.);
#1123=CIRCLE('',#3177,5.);
#1124=CIRCLE('',#3178,1.45);
#1125=CIRCLE('',#3179,1.45);
#1126=CIRCLE('',#3180,1.45);
#1127=CIRCLE('',#3181,1.45);
#1128=CIRCLE('',#3184,5.);
#1129=CIRCLE('',#3186,5.);
#1130=CIRCLE('',#3188,1.5);
#1131=CIRCLE('',#3189,1.5);
#1132=CIRCLE('',#3190,1.5);
#1133=CIRCLE('',#3191,1.5);
#1134=CIRCLE('',#3193,5.);
#1135=CIRCLE('',#3195,1.5);
#1136=CIRCLE('',#3198,1.5);
#1137=CIRCLE('',#3199,1.5);
#1138=CIRCLE('',#3202,1.5);
#1139=CIRCLE('',#3204,1.5);
#1140=CIRCLE('',#3207,1.5);
#1141=CIRCLE('',#3214,1.45);
#1142=CIRCLE('',#3216,1.45);
#1143=CIRCLE('',#3218,1.45);
#1144=CIRCLE('',#3220,1.45);
#1145=CIRCLE('',#3226,5.);
#1146=CIRCLE('',#3227,5.);
#1147=CIRCLE('',#3230,5.);
#1148=CIRCLE('',#3231,5.);
#1149=CIRCLE('',#3232,5.);
#1150=CIRCLE('',#3233,3.69999999999999);
#1151=CIRCLE('',#3234,0.498999999999992);
#1152=CIRCLE('',#3235,0.499000000000009);
#1153=CIRCLE('',#3236,0.498999999999992);
#1154=CIRCLE('',#3237,0.498999999999992);
#1155=CIRCLE('',#3238,0.499000000000001);
#1156=CIRCLE('',#3239,0.499000000000009);
#1157=CIRCLE('',#3240,0.498999999999992);
#1158=CIRCLE('',#3241,0.498999999999992);
#1159=CIRCLE('',#3242,0.499000000000001);
#1160=CIRCLE('',#3243,0.499000000000001);
#1161=CIRCLE('',#3244,0.498999999999992);
#1162=CIRCLE('',#3245,0.499000000000009);
#1163=CIRCLE('',#3246,0.498999999999999);
#1164=CIRCLE('',#3247,0.499000000000001);
#1165=CIRCLE('',#3248,0.499000000000003);
#1166=CIRCLE('',#3249,0.499000000000009);
#1167=CIRCLE('',#3250,0.499000000000001);
#1168=CIRCLE('',#3251,0.499000000000001);
#1169=CIRCLE('',#3252,0.498999999999992);
#1170=CIRCLE('',#3253,0.498999999999996);
#1171=CIRCLE('',#3254,0.498999999999992);
#1172=CIRCLE('',#3255,0.499000000000001);
#1173=CIRCLE('',#3256,0.498999999999992);
#1174=CIRCLE('',#3257,0.498999999999996);
#1175=CIRCLE('',#3258,0.498999999999992);
#1176=CIRCLE('',#3259,0.499000000000001);
#1177=CIRCLE('',#3260,0.498999999999992);
#1178=CIRCLE('',#3261,0.499000000000009);
#1179=CIRCLE('',#3262,0.498999999999999);
#1180=CIRCLE('',#3263,0.499000000000001);
#1181=CIRCLE('',#3264,0.499000000000003);
#1182=CIRCLE('',#3265,0.498999999999996);
#1183=CIRCLE('',#3266,0.499000000000001);
#1184=CIRCLE('',#3267,0.498999999999992);
#1185=CIRCLE('',#3268,0.498999999999992);
#1186=CIRCLE('',#3269,0.498999999999992);
#1187=CIRCLE('',#3270,0.498999999999999);
#1188=CIRCLE('',#3271,0.499000000000009);
#1189=CIRCLE('',#3272,0.499000000000003);
#1190=CIRCLE('',#3273,0.498999999999992);
#1191=CIRCLE('',#3274,0.498999999999992);
#1192=CIRCLE('',#3275,0.498999999999992);
#1193=CIRCLE('',#3276,0.498999999999992);
#1194=CIRCLE('',#3277,0.498999999999992);
#1195=CIRCLE('',#3278,0.498999999999999);
#1196=CIRCLE('',#3279,0.498999999999992);
#1197=CIRCLE('',#3280,0.499000000000003);
#1198=CIRCLE('',#3281,0.498999999999992);
#1199=CIRCLE('',#3282,2.5);
#1200=CIRCLE('',#3283,2.5);
#1201=CIRCLE('',#3284,2.5);
#1202=CIRCLE('',#3285,2.5);
#1203=CIRCLE('',#3286,1.45);
#1204=CIRCLE('',#3287,1.45);
#1205=CIRCLE('',#3288,1.45);
#1206=CIRCLE('',#3289,1.45);
#1207=CIRCLE('',#3291,5.);
#1208=CIRCLE('',#3294,5.);
#1209=CIRCLE('',#3297,5.);
#1210=CIRCLE('',#3299,2.5);
#1211=CIRCLE('',#3302,2.5);
#1212=CIRCLE('',#3305,2.5);
#1213=CIRCLE('',#3307,2.5);
#1214=CIRCLE('',#3310,1.45);
#1215=CIRCLE('',#3312,1.45);
#1216=CIRCLE('',#3314,1.45);
#1217=CIRCLE('',#3316,1.45);
#1218=CIRCLE('',#3320,0.498999999999992);
#1219=CIRCLE('',#3323,0.499000000000003);
#1220=CIRCLE('',#3326,0.498999999999992);
#1221=CIRCLE('',#3329,0.498999999999999);
#1222=CIRCLE('',#3332,0.498999999999992);
#1223=CIRCLE('',#3335,0.498999999999992);
#1224=CIRCLE('',#3338,0.498999999999992);
#1225=CIRCLE('',#3341,0.498999999999992);
#1226=CIRCLE('',#3344,0.499000000000009);
#1227=CIRCLE('',#3347,0.499000000000003);
#1228=CIRCLE('',#3350,0.498999999999992);
#1229=CIRCLE('',#3353,0.498999999999999);
#1230=CIRCLE('',#3356,0.498999999999992);
#1231=CIRCLE('',#3359,0.498999999999992);
#1232=CIRCLE('',#3362,0.498999999999992);
#1233=CIRCLE('',#3365,0.499000000000001);
#1234=CIRCLE('',#3368,0.499000000000001);
#1235=CIRCLE('',#3371,0.499000000000003);
#1236=CIRCLE('',#3374,0.498999999999996);
#1237=CIRCLE('',#3377,0.498999999999999);
#1238=CIRCLE('',#3380,0.499000000000001);
#1239=CIRCLE('',#3383,0.498999999999992);
#1240=CIRCLE('',#3386,0.499000000000009);
#1241=CIRCLE('',#3389,0.498999999999992);
#1242=CIRCLE('',#3392,0.499000000000001);
#1243=CIRCLE('',#3395,0.498999999999992);
#1244=CIRCLE('',#3398,0.498999999999996);
#1245=CIRCLE('',#3401,0.498999999999992);
#1246=CIRCLE('',#3404,0.499000000000001);
#1247=CIRCLE('',#3407,0.498999999999992);
#1248=CIRCLE('',#3410,0.498999999999996);
#1249=CIRCLE('',#3413,0.499000000000001);
#1250=CIRCLE('',#3416,0.499000000000001);
#1251=CIRCLE('',#3419,0.499000000000003);
#1252=CIRCLE('',#3422,0.499000000000009);
#1253=CIRCLE('',#3425,0.498999999999999);
#1254=CIRCLE('',#3428,0.499000000000001);
#1255=CIRCLE('',#3431,0.498999999999992);
#1256=CIRCLE('',#3434,0.499000000000009);
#1257=CIRCLE('',#3437,0.499000000000001);
#1258=CIRCLE('',#3440,0.499000000000009);
#1259=CIRCLE('',#3443,0.498999999999992);
#1260=CIRCLE('',#3446,0.498999999999992);
#1261=CIRCLE('',#3449,0.499000000000001);
#1262=CIRCLE('',#3452,0.499000000000009);
#1263=CIRCLE('',#3455,0.498999999999992);
#1264=CIRCLE('',#3458,0.498999999999992);
#1265=CIRCLE('',#3461,0.498999999999992);
#1266=CIRCLE('',#3463,3.69999999999999);
#1267=VERTEX_POINT('',#4389);
#1268=VERTEX_POINT('',#4390);
#1269=VERTEX_POINT('',#4392);
#1270=VERTEX_POINT('',#4394);
#1271=VERTEX_POINT('',#4398);
#1272=VERTEX_POINT('',#4400);
#1273=VERTEX_POINT('',#4402);
#1274=VERTEX_POINT('',#4404);
#1275=VERTEX_POINT('',#4406);
#1276=VERTEX_POINT('',#4408);
#1277=VERTEX_POINT('',#4411);
#1278=VERTEX_POINT('',#4413);
#1279=VERTEX_POINT('',#4415);
#1280=VERTEX_POINT('',#4417);
#1281=VERTEX_POINT('',#4419);
#1282=VERTEX_POINT('',#4420);
#1283=VERTEX_POINT('',#4422);
#1284=VERTEX_POINT('',#4424);
#1285=VERTEX_POINT('',#4428);
#1286=VERTEX_POINT('',#4432);
#1287=VERTEX_POINT('',#4436);
#1288=VERTEX_POINT('',#4438);
#1289=VERTEX_POINT('',#4442);
#1290=VERTEX_POINT('',#4445);
#1291=VERTEX_POINT('',#4446);
#1292=VERTEX_POINT('',#4448);
#1293=VERTEX_POINT('',#4450);
#1294=VERTEX_POINT('',#4452);
#1295=VERTEX_POINT('',#4454);
#1296=VERTEX_POINT('',#4456);
#1297=VERTEX_POINT('',#4458);
#1298=VERTEX_POINT('',#4462);
#1299=VERTEX_POINT('',#4466);
#1300=VERTEX_POINT('',#4467);
#1301=VERTEX_POINT('',#4472);
#1302=VERTEX_POINT('',#4476);
#1303=VERTEX_POINT('',#4477);
#1304=VERTEX_POINT('',#4482);
#1305=VERTEX_POINT('',#4486);
#1306=VERTEX_POINT('',#4490);
#1307=VERTEX_POINT('',#4494);
#1308=VERTEX_POINT('',#4498);
#1309=VERTEX_POINT('',#4504);
#1310=VERTEX_POINT('',#4507);
#1311=VERTEX_POINT('',#4511);
#1312=VERTEX_POINT('',#4515);
#1313=VERTEX_POINT('',#4521);
#1314=VERTEX_POINT('',#4525);
#1315=VERTEX_POINT('',#4529);
#1316=VERTEX_POINT('',#4533);
#1317=VERTEX_POINT('',#4543);
#1318=VERTEX_POINT('',#4544);
#1319=VERTEX_POINT('',#4546);
#1320=VERTEX_POINT('',#4548);
#1321=VERTEX_POINT('',#4552);
#1322=VERTEX_POINT('',#4554);
#1323=VERTEX_POINT('',#4558);
#1324=VERTEX_POINT('',#4560);
#1325=VERTEX_POINT('',#4562);
#1326=VERTEX_POINT('',#4564);
#1327=VERTEX_POINT('',#4566);
#1328=VERTEX_POINT('',#4569);
#1329=VERTEX_POINT('',#4570);
#1330=VERTEX_POINT('',#4572);
#1331=VERTEX_POINT('',#4574);
#1332=VERTEX_POINT('',#4576);
#1333=VERTEX_POINT('',#4579);
#1334=VERTEX_POINT('',#4580);
#1335=VERTEX_POINT('',#4582);
#1336=VERTEX_POINT('',#4584);
#1337=VERTEX_POINT('',#4587);
#1338=VERTEX_POINT('',#4589);
#1339=VERTEX_POINT('',#4590);
#1340=VERTEX_POINT('',#4592);
#1341=VERTEX_POINT('',#4594);
#1342=VERTEX_POINT('',#4596);
#1343=VERTEX_POINT('',#4598);
#1344=VERTEX_POINT('',#4600);
#1345=VERTEX_POINT('',#4602);
#1346=VERTEX_POINT('',#4605);
#1347=VERTEX_POINT('',#4606);
#1348=VERTEX_POINT('',#4608);
#1349=VERTEX_POINT('',#4610);
#1350=VERTEX_POINT('',#4612);
#1351=VERTEX_POINT('',#4614);
#1352=VERTEX_POINT('',#4616);
#1353=VERTEX_POINT('',#4618);
#1354=VERTEX_POINT('',#4621);
#1355=VERTEX_POINT('',#4622);
#1356=VERTEX_POINT('',#4624);
#1357=VERTEX_POINT('',#4626);
#1358=VERTEX_POINT('',#4628);
#1359=VERTEX_POINT('',#4630);
#1360=VERTEX_POINT('',#4632);
#1361=VERTEX_POINT('',#4634);
#1362=VERTEX_POINT('',#4637);
#1363=VERTEX_POINT('',#4638);
#1364=VERTEX_POINT('',#4640);
#1365=VERTEX_POINT('',#4642);
#1366=VERTEX_POINT('',#4644);
#1367=VERTEX_POINT('',#4646);
#1368=VERTEX_POINT('',#4648);
#1369=VERTEX_POINT('',#4650);
#1370=VERTEX_POINT('',#4653);
#1371=VERTEX_POINT('',#4654);
#1372=VERTEX_POINT('',#4656);
#1373=VERTEX_POINT('',#4658);
#1374=VERTEX_POINT('',#4660);
#1375=VERTEX_POINT('',#4662);
#1376=VERTEX_POINT('',#4664);
#1377=VERTEX_POINT('',#4666);
#1378=VERTEX_POINT('',#4669);
#1379=VERTEX_POINT('',#4670);
#1380=VERTEX_POINT('',#4672);
#1381=VERTEX_POINT('',#4674);
#1382=VERTEX_POINT('',#4676);
#1383=VERTEX_POINT('',#4678);
#1384=VERTEX_POINT('',#4680);
#1385=VERTEX_POINT('',#4682);
#1386=VERTEX_POINT('',#4685);
#1387=VERTEX_POINT('',#4686);
#1388=VERTEX_POINT('',#4688);
#1389=VERTEX_POINT('',#4690);
#1390=VERTEX_POINT('',#4692);
#1391=VERTEX_POINT('',#4694);
#1392=VERTEX_POINT('',#4696);
#1393=VERTEX_POINT('',#4698);
#1394=VERTEX_POINT('',#4701);
#1395=VERTEX_POINT('',#4702);
#1396=VERTEX_POINT('',#4704);
#1397=VERTEX_POINT('',#4706);
#1398=VERTEX_POINT('',#4708);
#1399=VERTEX_POINT('',#4710);
#1400=VERTEX_POINT('',#4712);
#1401=VERTEX_POINT('',#4714);
#1402=VERTEX_POINT('',#4717);
#1403=VERTEX_POINT('',#4718);
#1404=VERTEX_POINT('',#4720);
#1405=VERTEX_POINT('',#4722);
#1406=VERTEX_POINT('',#4724);
#1407=VERTEX_POINT('',#4726);
#1408=VERTEX_POINT('',#4728);
#1409=VERTEX_POINT('',#4730);
#1410=VERTEX_POINT('',#4733);
#1411=VERTEX_POINT('',#4734);
#1412=VERTEX_POINT('',#4736);
#1413=VERTEX_POINT('',#4738);
#1414=VERTEX_POINT('',#4740);
#1415=VERTEX_POINT('',#4742);
#1416=VERTEX_POINT('',#4744);
#1417=VERTEX_POINT('',#4746);
#1418=VERTEX_POINT('',#4749);
#1419=VERTEX_POINT('',#4750);
#1420=VERTEX_POINT('',#4752);
#1421=VERTEX_POINT('',#4754);
#1422=VERTEX_POINT('',#4756);
#1423=VERTEX_POINT('',#4758);
#1424=VERTEX_POINT('',#4760);
#1425=VERTEX_POINT('',#4762);
#1426=VERTEX_POINT('',#4765);
#1427=VERTEX_POINT('',#4766);
#1428=VERTEX_POINT('',#4768);
#1429=VERTEX_POINT('',#4770);
#1430=VERTEX_POINT('',#4772);
#1431=VERTEX_POINT('',#4774);
#1432=VERTEX_POINT('',#4776);
#1433=VERTEX_POINT('',#4778);
#1434=VERTEX_POINT('',#4781);
#1435=VERTEX_POINT('',#4782);
#1436=VERTEX_POINT('',#4784);
#1437=VERTEX_POINT('',#4786);
#1438=VERTEX_POINT('',#4788);
#1439=VERTEX_POINT('',#4790);
#1440=VERTEX_POINT('',#4792);
#1441=VERTEX_POINT('',#4794);
#1442=VERTEX_POINT('',#4797);
#1443=VERTEX_POINT('',#4799);
#1444=VERTEX_POINT('',#4801);
#1445=VERTEX_POINT('',#4803);
#1446=VERTEX_POINT('',#4806);
#1447=VERTEX_POINT('',#4810);
#1448=VERTEX_POINT('',#4814);
#1449=VERTEX_POINT('',#4816);
#1450=VERTEX_POINT('',#4820);
#1451=VERTEX_POINT('',#4826);
#1452=VERTEX_POINT('',#4827);
#1453=VERTEX_POINT('',#4832);
#1454=VERTEX_POINT('',#4836);
#1455=VERTEX_POINT('',#4840);
#1456=VERTEX_POINT('',#4844);
#1457=VERTEX_POINT('',#4848);
#1458=VERTEX_POINT('',#4849);
#1459=VERTEX_POINT('',#4856);
#1460=VERTEX_POINT('',#4860);
#1461=VERTEX_POINT('',#4864);
#1462=VERTEX_POINT('',#4868);
#1463=VERTEX_POINT('',#4872);
#1464=VERTEX_POINT('',#4874);
#1465=VERTEX_POINT('',#4876);
#1466=VERTEX_POINT('',#4880);
#1467=VERTEX_POINT('',#4882);
#1468=VERTEX_POINT('',#4886);
#1469=VERTEX_POINT('',#4890);
#1470=VERTEX_POINT('',#4894);
#1471=VERTEX_POINT('',#4898);
#1472=VERTEX_POINT('',#4902);
#1473=VERTEX_POINT('',#4906);
#1474=VERTEX_POINT('',#4912);
#1475=VERTEX_POINT('',#4914);
#1476=VERTEX_POINT('',#4918);
#1477=VERTEX_POINT('',#4922);
#1478=VERTEX_POINT('',#4926);
#1479=VERTEX_POINT('',#4930);
#1480=VERTEX_POINT('',#4934);
#1481=VERTEX_POINT('',#4938);
#1482=VERTEX_POINT('',#4944);
#1483=VERTEX_POINT('',#4946);
#1484=VERTEX_POINT('',#4950);
#1485=VERTEX_POINT('',#4954);
#1486=VERTEX_POINT('',#4958);
#1487=VERTEX_POINT('',#4962);
#1488=VERTEX_POINT('',#4966);
#1489=VERTEX_POINT('',#4970);
#1490=VERTEX_POINT('',#4976);
#1491=VERTEX_POINT('',#4978);
#1492=VERTEX_POINT('',#4982);
#1493=VERTEX_POINT('',#4986);
#1494=VERTEX_POINT('',#4990);
#1495=VERTEX_POINT('',#4994);
#1496=VERTEX_POINT('',#4998);
#1497=VERTEX_POINT('',#5002);
#1498=VERTEX_POINT('',#5008);
#1499=VERTEX_POINT('',#5010);
#1500=VERTEX_POINT('',#5014);
#1501=VERTEX_POINT('',#5018);
#1502=VERTEX_POINT('',#5022);
#1503=VERTEX_POINT('',#5026);
#1504=VERTEX_POINT('',#5030);
#1505=VERTEX_POINT('',#5034);
#1506=VERTEX_POINT('',#5040);
#1507=VERTEX_POINT('',#5042);
#1508=VERTEX_POINT('',#5046);
#1509=VERTEX_POINT('',#5050);
#1510=VERTEX_POINT('',#5054);
#1511=VERTEX_POINT('',#5058);
#1512=VERTEX_POINT('',#5062);
#1513=VERTEX_POINT('',#5066);
#1514=VERTEX_POINT('',#5072);
#1515=VERTEX_POINT('',#5074);
#1516=VERTEX_POINT('',#5078);
#1517=VERTEX_POINT('',#5082);
#1518=VERTEX_POINT('',#5086);
#1519=VERTEX_POINT('',#5090);
#1520=VERTEX_POINT('',#5094);
#1521=VERTEX_POINT('',#5098);
#1522=VERTEX_POINT('',#5104);
#1523=VERTEX_POINT('',#5106);
#1524=VERTEX_POINT('',#5110);
#1525=VERTEX_POINT('',#5114);
#1526=VERTEX_POINT('',#5118);
#1527=VERTEX_POINT('',#5122);
#1528=VERTEX_POINT('',#5126);
#1529=VERTEX_POINT('',#5130);
#1530=VERTEX_POINT('',#5136);
#1531=VERTEX_POINT('',#5138);
#1532=VERTEX_POINT('',#5142);
#1533=VERTEX_POINT('',#5146);
#1534=VERTEX_POINT('',#5150);
#1535=VERTEX_POINT('',#5154);
#1536=VERTEX_POINT('',#5158);
#1537=VERTEX_POINT('',#5162);
#1538=VERTEX_POINT('',#5168);
#1539=VERTEX_POINT('',#5170);
#1540=VERTEX_POINT('',#5174);
#1541=VERTEX_POINT('',#5178);
#1542=VERTEX_POINT('',#5182);
#1543=VERTEX_POINT('',#5186);
#1544=VERTEX_POINT('',#5190);
#1545=VERTEX_POINT('',#5194);
#1546=VERTEX_POINT('',#5200);
#1547=VERTEX_POINT('',#5202);
#1548=VERTEX_POINT('',#5206);
#1549=VERTEX_POINT('',#5210);
#1550=VERTEX_POINT('',#5214);
#1551=VERTEX_POINT('',#5218);
#1552=VERTEX_POINT('',#5222);
#1553=VERTEX_POINT('',#5226);
#1554=VERTEX_POINT('',#5232);
#1555=VERTEX_POINT('',#5234);
#1556=VERTEX_POINT('',#5238);
#1557=VERTEX_POINT('',#5242);
#1558=VERTEX_POINT('',#5246);
#1559=VERTEX_POINT('',#5250);
#1560=VERTEX_POINT('',#5254);
#1561=VERTEX_POINT('',#5258);
#1562=VERTEX_POINT('',#5264);
#1563=VERTEX_POINT('',#5268);
#1564=VERTEX_POINT('',#5269);
#1565=VERTEX_POINT('',#5274);
#1566=VERTEX_POINT('',#5278);
#1567=VERTEX_POINT('',#5286);
#1568=VERTEX_POINT('',#5290);
#1569=EDGE_CURVE('',#1267,#1268,#1119,.T.);
#1570=EDGE_CURVE('',#1268,#1269,#509,.T.);
#1571=EDGE_CURVE('',#1269,#1270,#1120,.T.);
#1572=EDGE_CURVE('',#1270,#1267,#510,.T.);
#1573=EDGE_CURVE('',#1267,#1271,#511,.T.);
#1574=EDGE_CURVE('',#1272,#1271,#1121,.T.);
#1575=EDGE_CURVE('',#1272,#1273,#512,.T.);
#1576=EDGE_CURVE('',#1274,#1273,#1122,.T.);
#1577=EDGE_CURVE('',#1274,#1275,#513,.T.);
#1578=EDGE_CURVE('',#1276,#1275,#1123,.T.);
#1579=EDGE_CURVE('',#1276,#1268,#514,.T.);
#1580=EDGE_CURVE('',#1277,#1277,#1124,.T.);
#1581=EDGE_CURVE('',#1278,#1278,#1125,.T.);
#1582=EDGE_CURVE('',#1279,#1279,#1126,.T.);
#1583=EDGE_CURVE('',#1280,#1280,#1127,.T.);
#1584=EDGE_CURVE('',#1281,#1282,#515,.T.);
#1585=EDGE_CURVE('',#1282,#1283,#516,.T.);
#1586=EDGE_CURVE('',#1283,#1284,#517,.T.);
#1587=EDGE_CURVE('',#1284,#1281,#518,.T.);
#1588=EDGE_CURVE('',#1285,#1270,#519,.T.);
#1589=EDGE_CURVE('',#1271,#1285,#520,.T.);
#1590=EDGE_CURVE('',#1285,#1286,#1128,.T.);
#1591=EDGE_CURVE('',#1286,#1272,#521,.T.);
#1592=EDGE_CURVE('',#1273,#1287,#522,.T.);
#1593=EDGE_CURVE('',#1287,#1288,#1129,.T.);
#1594=EDGE_CURVE('',#1288,#1274,#523,.T.);
#1595=EDGE_CURVE('',#1289,#1288,#524,.T.);
#1596=EDGE_CURVE('',#1275,#1289,#525,.T.);
#1597=EDGE_CURVE('',#1290,#1291,#526,.T.);
#1598=EDGE_CURVE('',#1292,#1291,#1130,.T.);
#1599=EDGE_CURVE('',#1292,#1293,#527,.T.);
#1600=EDGE_CURVE('',#1294,#1293,#1131,.T.);
#1601=EDGE_CURVE('',#1294,#1295,#528,.T.);
#1602=EDGE_CURVE('',#1296,#1295,#1132,.T.);
#1603=EDGE_CURVE('',#1296,#1297,#529,.T.);
#1604=EDGE_CURVE('',#1290,#1297,#1133,.T.);
#1605=EDGE_CURVE('',#1289,#1298,#1134,.T.);
#1606=EDGE_CURVE('',#1298,#1276,#530,.T.);
#1607=EDGE_CURVE('',#1299,#1300,#1135,.T.);
#1608=EDGE_CURVE('',#1300,#1294,#531,.T.);
#1609=EDGE_CURVE('',#1293,#1299,#532,.T.);
#1610=EDGE_CURVE('',#1301,#1300,#533,.T.);
#1611=EDGE_CURVE('',#1295,#1301,#534,.T.);
#1612=EDGE_CURVE('',#1302,#1303,#1136,.T.);
#1613=EDGE_CURVE('',#1302,#1296,#535,.T.);
#1614=EDGE_CURVE('',#1301,#1303,#1137,.T.);
#1615=EDGE_CURVE('',#1302,#1304,#536,.T.);
#1616=EDGE_CURVE('',#1297,#1304,#537,.T.);
#1617=EDGE_CURVE('',#1305,#1303,#538,.T.);
#1618=EDGE_CURVE('',#1305,#1304,#1138,.T.);
#1619=EDGE_CURVE('',#1306,#1305,#1139,.F.);
#1620=EDGE_CURVE('',#1306,#1290,#539,.T.);
#1621=EDGE_CURVE('',#1307,#1306,#540,.T.);
#1622=EDGE_CURVE('',#1291,#1307,#541,.T.);
#1623=EDGE_CURVE('',#1307,#1308,#1140,.T.);
#1624=EDGE_CURVE('',#1308,#1292,#542,.T.);
#1625=EDGE_CURVE('',#1299,#1308,#543,.T.);
#1626=EDGE_CURVE('',#1309,#1305,#544,.T.);
#1627=EDGE_CURVE('',#1309,#1283,#545,.T.);
#1628=EDGE_CURVE('',#1310,#1282,#546,.T.);
#1629=EDGE_CURVE('',#1303,#1310,#547,.T.);
#1630=EDGE_CURVE('',#1311,#1309,#548,.T.);
#1631=EDGE_CURVE('',#1311,#1284,#549,.T.);
#1632=EDGE_CURVE('',#1312,#1311,#550,.T.);
#1633=EDGE_CURVE('',#1312,#1281,#551,.T.);
#1634=EDGE_CURVE('',#1310,#1312,#552,.T.);
#1635=EDGE_CURVE('',#1280,#1313,#553,.T.);
#1636=EDGE_CURVE('',#1313,#1313,#1141,.T.);
#1637=EDGE_CURVE('',#1277,#1314,#554,.T.);
#1638=EDGE_CURVE('',#1314,#1314,#1142,.T.);
#1639=EDGE_CURVE('',#1278,#1315,#555,.T.);
#1640=EDGE_CURVE('',#1315,#1315,#1143,.T.);
#1641=EDGE_CURVE('',#1279,#1316,#556,.T.);
#1642=EDGE_CURVE('',#1316,#1316,#1144,.T.);
#1643=EDGE_CURVE('',#1269,#1298,#557,.T.);
#1644=EDGE_CURVE('',#1287,#1286,#558,.T.);
#1645=EDGE_CURVE('',#1317,#1318,#1145,.T.);
#1646=EDGE_CURVE('',#1318,#1319,#559,.T.);
#1647=EDGE_CURVE('',#1319,#1320,#1146,.T.);
#1648=EDGE_CURVE('',#1320,#1317,#560,.T.);
#1649=EDGE_CURVE('',#1321,#1318,#561,.T.);
#1650=EDGE_CURVE('',#1322,#1321,#562,.T.);
#1651=EDGE_CURVE('',#1322,#1319,#563,.T.);
#1652=EDGE_CURVE('',#1317,#1323,#564,.T.);
#1653=EDGE_CURVE('',#1324,#1323,#1147,.T.);
#1654=EDGE_CURVE('',#1324,#1325,#565,.T.);
#1655=EDGE_CURVE('',#1326,#1325,#1148,.T.);
#1656=EDGE_CURVE('',#1326,#1327,#566,.T.);
#1657=EDGE_CURVE('',#1321,#1327,#1149,.T.);
#1658=EDGE_CURVE('',#1328,#1329,#567,.T.);
#1659=EDGE_CURVE('',#1330,#1328,#568,.T.);
#1660=EDGE_CURVE('',#1330,#1331,#569,.T.);
#1661=EDGE_CURVE('',#1331,#1332,#570,.T.);
#1662=EDGE_CURVE('',#1332,#1329,#571,.T.);
#1663=EDGE_CURVE('',#1333,#1334,#572,.T.);
#1664=EDGE_CURVE('',#1334,#1335,#573,.T.);
#1665=EDGE_CURVE('',#1335,#1336,#574,.T.);
#1666=EDGE_CURVE('',#1336,#1333,#575,.T.);
#1667=EDGE_CURVE('',#1337,#1337,#1150,.T.);
#1668=EDGE_CURVE('',#1338,#1339,#1151,.T.);
#1669=EDGE_CURVE('',#1340,#1338,#576,.T.);
#1670=EDGE_CURVE('',#1341,#1340,#1152,.T.);
#1671=EDGE_CURVE('',#1342,#1341,#577,.T.);
#1672=EDGE_CURVE('',#1343,#1342,#1153,.T.);
#1673=EDGE_CURVE('',#1344,#1343,#578,.T.);
#1674=EDGE_CURVE('',#1345,#1344,#1154,.T.);
#1675=EDGE_CURVE('',#1339,#1345,#579,.T.);
#1676=EDGE_CURVE('',#1346,#1347,#1155,.T.);
#1677=EDGE_CURVE('',#1348,#1346,#580,.T.);
#1678=EDGE_CURVE('',#1349,#1348,#1156,.T.);
#1679=EDGE_CURVE('',#1350,#1349,#581,.T.);
#1680=EDGE_CURVE('',#1351,#1350,#1157,.T.);
#1681=EDGE_CURVE('',#1352,#1351,#582,.T.);
#1682=EDGE_CURVE('',#1353,#1352,#1158,.T.);
#1683=EDGE_CURVE('',#1347,#1353,#583,.T.);
#1684=EDGE_CURVE('',#1354,#1355,#1159,.T.);
#1685=EDGE_CURVE('',#1356,#1354,#584,.T.);
#1686=EDGE_CURVE('',#1357,#1356,#1160,.T.);
#1687=EDGE_CURVE('',#1358,#1357,#585,.T.);
#1688=EDGE_CURVE('',#1359,#1358,#1161,.T.);
#1689=EDGE_CURVE('',#1360,#1359,#586,.T.);
#1690=EDGE_CURVE('',#1361,#1360,#1162,.T.);
#1691=EDGE_CURVE('',#1355,#1361,#587,.T.);
#1692=EDGE_CURVE('',#1362,#1363,#1163,.T.);
#1693=EDGE_CURVE('',#1364,#1362,#588,.T.);
#1694=EDGE_CURVE('',#1365,#1364,#1164,.T.);
#1695=EDGE_CURVE('',#1366,#1365,#589,.T.);
#1696=EDGE_CURVE('',#1367,#1366,#1165,.T.);
#1697=EDGE_CURVE('',#1368,#1367,#590,.T.);
#1698=EDGE_CURVE('',#1369,#1368,#1166,.T.);
#1699=EDGE_CURVE('',#1363,#1369,#591,.T.);
#1700=EDGE_CURVE('',#1370,#1371,#1167,.T.);
#1701=EDGE_CURVE('',#1372,#1370,#592,.T.);
#1702=EDGE_CURVE('',#1373,#1372,#1168,.T.);
#1703=EDGE_CURVE('',#1374,#1373,#593,.T.);
#1704=EDGE_CURVE('',#1375,#1374,#1169,.T.);
#1705=EDGE_CURVE('',#1376,#1375,#594,.T.);
#1706=EDGE_CURVE('',#1377,#1376,#1170,.T.);
#1707=EDGE_CURVE('',#1371,#1377,#595,.T.);
#1708=EDGE_CURVE('',#1378,#1379,#1171,.T.);
#1709=EDGE_CURVE('',#1380,#1378,#596,.T.);
#1710=EDGE_CURVE('',#1381,#1380,#1172,.T.);
#1711=EDGE_CURVE('',#1382,#1381,#597,.T.);
#1712=EDGE_CURVE('',#1383,#1382,#1173,.T.);
#1713=EDGE_CURVE('',#1384,#1383,#598,.T.);
#1714=EDGE_CURVE('',#1385,#1384,#1174,.T.);
#1715=EDGE_CURVE('',#1379,#1385,#599,.T.);
#1716=EDGE_CURVE('',#1386,#1387,#1175,.T.);
#1717=EDGE_CURVE('',#1388,#1386,#600,.T.);
#1718=EDGE_CURVE('',#1389,#1388,#1176,.T.);
#1719=EDGE_CURVE('',#1390,#1389,#601,.T.);
#1720=EDGE_CURVE('',#1391,#1390,#1177,.T.);
#1721=EDGE_CURVE('',#1392,#1391,#602,.T.);
#1722=EDGE_CURVE('',#1393,#1392,#1178,.T.);
#1723=EDGE_CURVE('',#1387,#1393,#603,.T.);
#1724=EDGE_CURVE('',#1394,#1395,#1179,.T.);
#1725=EDGE_CURVE('',#1396,#1394,#604,.T.);
#1726=EDGE_CURVE('',#1397,#1396,#1180,.T.);
#1727=EDGE_CURVE('',#1398,#1397,#605,.T.);
#1728=EDGE_CURVE('',#1399,#1398,#1181,.T.);
#1729=EDGE_CURVE('',#1400,#1399,#606,.T.);
#1730=EDGE_CURVE('',#1401,#1400,#1182,.T.);
#1731=EDGE_CURVE('',#1395,#1401,#607,.T.);
#1732=EDGE_CURVE('',#1402,#1403,#1183,.T.);
#1733=EDGE_CURVE('',#1404,#1402,#608,.T.);
#1734=EDGE_CURVE('',#1405,#1404,#1184,.T.);
#1735=EDGE_CURVE('',#1406,#1405,#609,.T.);
#1736=EDGE_CURVE('',#1407,#1406,#1185,.T.);
#1737=EDGE_CURVE('',#1408,#1407,#610,.T.);
#1738=EDGE_CURVE('',#1409,#1408,#1186,.T.);
#1739=EDGE_CURVE('',#1403,#1409,#611,.T.);
#1740=EDGE_CURVE('',#1410,#1411,#1187,.T.);
#1741=EDGE_CURVE('',#1412,#1410,#612,.T.);
#1742=EDGE_CURVE('',#1413,#1412,#1188,.T.);
#1743=EDGE_CURVE('',#1414,#1413,#613,.T.);
#1744=EDGE_CURVE('',#1415,#1414,#1189,.T.);
#1745=EDGE_CURVE('',#1416,#1415,#614,.T.);
#1746=EDGE_CURVE('',#1417,#1416,#1190,.T.);
#1747=EDGE_CURVE('',#1411,#1417,#615,.T.);
#1748=EDGE_CURVE('',#1418,#1419,#1191,.T.);
#1749=EDGE_CURVE('',#1420,#1418,#616,.T.);
#1750=EDGE_CURVE('',#1421,#1420,#1192,.T.);
#1751=EDGE_CURVE('',#1422,#1421,#617,.T.);
#1752=EDGE_CURVE('',#1423,#1422,#1193,.T.);
#1753=EDGE_CURVE('',#1424,#1423,#618,.T.);
#1754=EDGE_CURVE('',#1425,#1424,#1194,.T.);
#1755=EDGE_CURVE('',#1419,#1425,#619,.T.);
#1756=EDGE_CURVE('',#1426,#1427,#1195,.T.);
#1757=EDGE_CURVE('',#1428,#1426,#620,.T.);
#1758=EDGE_CURVE('',#1429,#1428,#1196,.T.);
#1759=EDGE_CURVE('',#1430,#1429,#621,.T.);
#1760=EDGE_CURVE('',#1431,#1430,#1197,.T.);
#1761=EDGE_CURVE('',#1432,#1431,#622,.T.);
#1762=EDGE_CURVE('',#1433,#1432,#1198,.T.);
#1763=EDGE_CURVE('',#1427,#1433,#623,.T.);
#1764=EDGE_CURVE('',#1434,#1435,#624,.T.);
#1765=EDGE_CURVE('',#1436,#1435,#1199,.T.);
#1766=EDGE_CURVE('',#1436,#1437,#625,.T.);
#1767=EDGE_CURVE('',#1438,#1437,#1200,.T.);
#1768=EDGE_CURVE('',#1438,#1439,#626,.T.);
#1769=EDGE_CURVE('',#1440,#1439,#1201,.T.);
#1770=EDGE_CURVE('',#1441,#1440,#627,.T.);
#1771=EDGE_CURVE('',#1434,#1441,#1202,.T.);
#1772=EDGE_CURVE('',#1442,#1442,#1203,.T.);
#1773=EDGE_CURVE('',#1443,#1443,#1204,.T.);
#1774=EDGE_CURVE('',#1444,#1444,#1205,.T.);
#1775=EDGE_CURVE('',#1445,#1445,#1206,.T.);
#1776=EDGE_CURVE('',#1327,#1446,#628,.T.);
#1777=EDGE_CURVE('',#1446,#1322,#1207,.T.);
#1778=EDGE_CURVE('',#1447,#1326,#629,.T.);
#1779=EDGE_CURVE('',#1446,#1447,#630,.T.);
#1780=EDGE_CURVE('',#1323,#1448,#631,.T.);
#1781=EDGE_CURVE('',#1448,#1449,#1208,.T.);
#1782=EDGE_CURVE('',#1449,#1324,#632,.T.);
#1783=EDGE_CURVE('',#1450,#1449,#633,.T.);
#1784=EDGE_CURVE('',#1325,#1450,#634,.T.);
#1785=EDGE_CURVE('',#1450,#1447,#1209,.T.);
#1786=EDGE_CURVE('',#1451,#1452,#1210,.T.);
#1787=EDGE_CURVE('',#1452,#1438,#635,.T.);
#1788=EDGE_CURVE('',#1437,#1451,#636,.T.);
#1789=EDGE_CURVE('',#1453,#1452,#637,.T.);
#1790=EDGE_CURVE('',#1439,#1453,#638,.T.);
#1791=EDGE_CURVE('',#1453,#1454,#1211,.T.);
#1792=EDGE_CURVE('',#1454,#1440,#639,.T.);
#1793=EDGE_CURVE('',#1455,#1454,#640,.T.);
#1794=EDGE_CURVE('',#1441,#1455,#641,.T.);
#1795=EDGE_CURVE('',#1455,#1456,#1212,.T.);
#1796=EDGE_CURVE('',#1456,#1434,#642,.T.);
#1797=EDGE_CURVE('',#1457,#1458,#1213,.T.);
#1798=EDGE_CURVE('',#1458,#1436,#643,.T.);
#1799=EDGE_CURVE('',#1435,#1457,#644,.T.);
#1800=EDGE_CURVE('',#1451,#1458,#645,.T.);
#1801=EDGE_CURVE('',#1445,#1459,#646,.T.);
#1802=EDGE_CURVE('',#1459,#1459,#1214,.T.);
#1803=EDGE_CURVE('',#1444,#1460,#647,.T.);
#1804=EDGE_CURVE('',#1460,#1460,#1215,.T.);
#1805=EDGE_CURVE('',#1443,#1461,#648,.T.);
#1806=EDGE_CURVE('',#1461,#1461,#1216,.T.);
#1807=EDGE_CURVE('',#1442,#1462,#649,.T.);
#1808=EDGE_CURVE('',#1462,#1462,#1217,.T.);
#1809=EDGE_CURVE('',#1330,#1463,#650,.T.);
#1810=EDGE_CURVE('',#1464,#1329,#651,.T.);
#1811=EDGE_CURVE('',#1465,#1464,#652,.T.);
#1812=EDGE_CURVE('',#1463,#1465,#653,.T.);
#1813=EDGE_CURVE('',#1426,#1466,#654,.T.);
#1814=EDGE_CURVE('',#1467,#1466,#655,.T.);
#1815=EDGE_CURVE('',#1428,#1467,#656,.T.);
#1816=EDGE_CURVE('',#1468,#1467,#1218,.T.);
#1817=EDGE_CURVE('',#1429,#1468,#657,.T.);
#1818=EDGE_CURVE('',#1469,#1468,#658,.T.);
#1819=EDGE_CURVE('',#1430,#1469,#659,.T.);
#1820=EDGE_CURVE('',#1470,#1469,#1219,.T.);
#1821=EDGE_CURVE('',#1431,#1470,#660,.T.);
#1822=EDGE_CURVE('',#1471,#1470,#661,.T.);
#1823=EDGE_CURVE('',#1432,#1471,#662,.T.);
#1824=EDGE_CURVE('',#1472,#1471,#1220,.T.);
#1825=EDGE_CURVE('',#1433,#1472,#663,.T.);
#1826=EDGE_CURVE('',#1473,#1472,#664,.T.);
#1827=EDGE_CURVE('',#1427,#1473,#665,.T.);
#1828=EDGE_CURVE('',#1466,#1473,#1221,.T.);
#1829=EDGE_CURVE('',#1418,#1474,#666,.T.);
#1830=EDGE_CURVE('',#1475,#1474,#667,.T.);
#1831=EDGE_CURVE('',#1420,#1475,#668,.T.);
#1832=EDGE_CURVE('',#1476,#1475,#1222,.T.);
#1833=EDGE_CURVE('',#1421,#1476,#669,.T.);
#1834=EDGE_CURVE('',#1477,#1476,#670,.T.);
#1835=EDGE_CURVE('',#1422,#1477,#671,.T.);
#1836=EDGE_CURVE('',#1478,#1477,#1223,.T.);
#1837=EDGE_CURVE('',#1423,#1478,#672,.T.);
#1838=EDGE_CURVE('',#1479,#1478,#673,.T.);
#1839=EDGE_CURVE('',#1424,#1479,#674,.T.);
#1840=EDGE_CURVE('',#1480,#1479,#1224,.T.);
#1841=EDGE_CURVE('',#1425,#1480,#675,.T.);
#1842=EDGE_CURVE('',#1481,#1480,#676,.T.);
#1843=EDGE_CURVE('',#1419,#1481,#677,.T.);
#1844=EDGE_CURVE('',#1474,#1481,#1225,.T.);
#1845=EDGE_CURVE('',#1410,#1482,#678,.T.);
#1846=EDGE_CURVE('',#1483,#1482,#679,.T.);
#1847=EDGE_CURVE('',#1412,#1483,#680,.T.);
#1848=EDGE_CURVE('',#1484,#1483,#1226,.T.);
#1849=EDGE_CURVE('',#1413,#1484,#681,.T.);
#1850=EDGE_CURVE('',#1485,#1484,#682,.T.);
#1851=EDGE_CURVE('',#1414,#1485,#683,.T.);
#1852=EDGE_CURVE('',#1486,#1485,#1227,.T.);
#1853=EDGE_CURVE('',#1415,#1486,#684,.T.);
#1854=EDGE_CURVE('',#1487,#1486,#685,.T.);
#1855=EDGE_CURVE('',#1416,#1487,#686,.T.);
#1856=EDGE_CURVE('',#1488,#1487,#1228,.T.);
#1857=EDGE_CURVE('',#1417,#1488,#687,.T.);
#1858=EDGE_CURVE('',#1489,#1488,#688,.T.);
#1859=EDGE_CURVE('',#1411,#1489,#689,.T.);
#1860=EDGE_CURVE('',#1482,#1489,#1229,.T.);
#1861=EDGE_CURVE('',#1402,#1490,#690,.T.);
#1862=EDGE_CURVE('',#1491,#1490,#691,.T.);
#1863=EDGE_CURVE('',#1404,#1491,#692,.T.);
#1864=EDGE_CURVE('',#1492,#1491,#1230,.T.);
#1865=EDGE_CURVE('',#1405,#1492,#693,.T.);
#1866=EDGE_CURVE('',#1493,#1492,#694,.T.);
#1867=EDGE_CURVE('',#1406,#1493,#695,.T.);
#1868=EDGE_CURVE('',#1494,#1493,#1231,.T.);
#1869=EDGE_CURVE('',#1407,#1494,#696,.T.);
#1870=EDGE_CURVE('',#1495,#1494,#697,.T.);
#1871=EDGE_CURVE('',#1408,#1495,#698,.T.);
#1872=EDGE_CURVE('',#1496,#1495,#1232,.T.);
#1873=EDGE_CURVE('',#1409,#1496,#699,.T.);
#1874=EDGE_CURVE('',#1497,#1496,#700,.T.);
#1875=EDGE_CURVE('',#1403,#1497,#701,.T.);
#1876=EDGE_CURVE('',#1490,#1497,#1233,.T.);
#1877=EDGE_CURVE('',#1394,#1498,#702,.T.);
#1878=EDGE_CURVE('',#1499,#1498,#703,.T.);
#1879=EDGE_CURVE('',#1396,#1499,#704,.T.);
#1880=EDGE_CURVE('',#1500,#1499,#1234,.T.);
#1881=EDGE_CURVE('',#1397,#1500,#705,.T.);
#1882=EDGE_CURVE('',#1501,#1500,#706,.T.);
#1883=EDGE_CURVE('',#1398,#1501,#707,.T.);
#1884=EDGE_CURVE('',#1502,#1501,#1235,.T.);
#1885=EDGE_CURVE('',#1399,#1502,#708,.T.);
#1886=EDGE_CURVE('',#1503,#1502,#709,.T.);
#1887=EDGE_CURVE('',#1400,#1503,#710,.T.);
#1888=EDGE_CURVE('',#1504,#1503,#1236,.T.);
#1889=EDGE_CURVE('',#1401,#1504,#711,.T.);
#1890=EDGE_CURVE('',#1505,#1504,#712,.T.);
#1891=EDGE_CURVE('',#1395,#1505,#713,.T.);
#1892=EDGE_CURVE('',#1498,#1505,#1237,.T.);
#1893=EDGE_CURVE('',#1386,#1506,#714,.T.);
#1894=EDGE_CURVE('',#1507,#1506,#715,.T.);
#1895=EDGE_CURVE('',#1388,#1507,#716,.T.);
#1896=EDGE_CURVE('',#1508,#1507,#1238,.T.);
#1897=EDGE_CURVE('',#1389,#1508,#717,.T.);
#1898=EDGE_CURVE('',#1509,#1508,#718,.T.);
#1899=EDGE_CURVE('',#1390,#1509,#719,.T.);
#1900=EDGE_CURVE('',#1510,#1509,#1239,.T.);
#1901=EDGE_CURVE('',#1391,#1510,#720,.T.);
#1902=EDGE_CURVE('',#1511,#1510,#721,.T.);
#1903=EDGE_CURVE('',#1392,#1511,#722,.T.);
#1904=EDGE_CURVE('',#1512,#1511,#1240,.T.);
#1905=EDGE_CURVE('',#1393,#1512,#723,.T.);
#1906=EDGE_CURVE('',#1513,#1512,#724,.T.);
#1907=EDGE_CURVE('',#1387,#1513,#725,.T.);
#1908=EDGE_CURVE('',#1506,#1513,#1241,.T.);
#1909=EDGE_CURVE('',#1378,#1514,#726,.T.);
#1910=EDGE_CURVE('',#1515,#1514,#727,.T.);
#1911=EDGE_CURVE('',#1380,#1515,#728,.T.);
#1912=EDGE_CURVE('',#1516,#1515,#1242,.T.);
#1913=EDGE_CURVE('',#1381,#1516,#729,.T.);
#1914=EDGE_CURVE('',#1517,#1516,#730,.T.);
#1915=EDGE_CURVE('',#1382,#1517,#731,.T.);
#1916=EDGE_CURVE('',#1518,#1517,#1243,.T.);
#1917=EDGE_CURVE('',#1383,#1518,#732,.T.);
#1918=EDGE_CURVE('',#1519,#1518,#733,.T.);
#1919=EDGE_CURVE('',#1384,#1519,#734,.T.);
#1920=EDGE_CURVE('',#1520,#1519,#1244,.T.);
#1921=EDGE_CURVE('',#1385,#1520,#735,.T.);
#1922=EDGE_CURVE('',#1521,#1520,#736,.T.);
#1923=EDGE_CURVE('',#1379,#1521,#737,.T.);
#1924=EDGE_CURVE('',#1514,#1521,#1245,.T.);
#1925=EDGE_CURVE('',#1370,#1522,#738,.T.);
#1926=EDGE_CURVE('',#1523,#1522,#739,.T.);
#1927=EDGE_CURVE('',#1372,#1523,#740,.T.);
#1928=EDGE_CURVE('',#1524,#1523,#1246,.T.);
#1929=EDGE_CURVE('',#1373,#1524,#741,.T.);
#1930=EDGE_CURVE('',#1525,#1524,#742,.T.);
#1931=EDGE_CURVE('',#1374,#1525,#743,.T.);
#1932=EDGE_CURVE('',#1526,#1525,#1247,.T.);
#1933=EDGE_CURVE('',#1375,#1526,#744,.T.);
#1934=EDGE_CURVE('',#1527,#1526,#745,.T.);
#1935=EDGE_CURVE('',#1376,#1527,#746,.T.);
#1936=EDGE_CURVE('',#1528,#1527,#1248,.T.);
#1937=EDGE_CURVE('',#1377,#1528,#747,.T.);
#1938=EDGE_CURVE('',#1529,#1528,#748,.T.);
#1939=EDGE_CURVE('',#1371,#1529,#749,.T.);
#1940=EDGE_CURVE('',#1522,#1529,#1249,.T.);
#1941=EDGE_CURVE('',#1362,#1530,#750,.T.);
#1942=EDGE_CURVE('',#1531,#1530,#751,.T.);
#1943=EDGE_CURVE('',#1364,#1531,#752,.T.);
#1944=EDGE_CURVE('',#1532,#1531,#1250,.T.);
#1945=EDGE_CURVE('',#1365,#1532,#753,.T.);
#1946=EDGE_CURVE('',#1533,#1532,#754,.T.);
#1947=EDGE_CURVE('',#1366,#1533,#755,.T.);
#1948=EDGE_CURVE('',#1534,#1533,#1251,.T.);
#1949=EDGE_CURVE('',#1367,#1534,#756,.T.);
#1950=EDGE_CURVE('',#1535,#1534,#757,.T.);
#1951=EDGE_CURVE('',#1368,#1535,#758,.T.);
#1952=EDGE_CURVE('',#1536,#1535,#1252,.T.);
#1953=EDGE_CURVE('',#1369,#1536,#759,.T.);
#1954=EDGE_CURVE('',#1537,#1536,#760,.T.);
#1955=EDGE_CURVE('',#1363,#1537,#761,.T.);
#1956=EDGE_CURVE('',#1530,#1537,#1253,.T.);
#1957=EDGE_CURVE('',#1354,#1538,#762,.T.);
#1958=EDGE_CURVE('',#1539,#1538,#763,.T.);
#1959=EDGE_CURVE('',#1356,#1539,#764,.T.);
#1960=EDGE_CURVE('',#1540,#1539,#1254,.T.);
#1961=EDGE_CURVE('',#1357,#1540,#765,.T.);
#1962=EDGE_CURVE('',#1541,#1540,#766,.T.);
#1963=EDGE_CURVE('',#1358,#1541,#767,.T.);
#1964=EDGE_CURVE('',#1542,#1541,#1255,.T.);
#1965=EDGE_CURVE('',#1359,#1542,#768,.T.);
#1966=EDGE_CURVE('',#1543,#1542,#769,.T.);
#1967=EDGE_CURVE('',#1360,#1543,#770,.T.);
#1968=EDGE_CURVE('',#1544,#1543,#1256,.T.);
#1969=EDGE_CURVE('',#1361,#1544,#771,.T.);
#1970=EDGE_CURVE('',#1545,#1544,#772,.T.);
#1971=EDGE_CURVE('',#1355,#1545,#773,.T.);
#1972=EDGE_CURVE('',#1538,#1545,#1257,.T.);
#1973=EDGE_CURVE('',#1346,#1546,#774,.T.);
#1974=EDGE_CURVE('',#1547,#1546,#775,.T.);
#1975=EDGE_CURVE('',#1348,#1547,#776,.T.);
#1976=EDGE_CURVE('',#1548,#1547,#1258,.T.);
#1977=EDGE_CURVE('',#1349,#1548,#777,.T.);
#1978=EDGE_CURVE('',#1549,#1548,#778,.T.);
#1979=EDGE_CURVE('',#1350,#1549,#779,.T.);
#1980=EDGE_CURVE('',#1550,#1549,#1259,.T.);
#1981=EDGE_CURVE('',#1351,#1550,#780,.T.);
#1982=EDGE_CURVE('',#1551,#1550,#781,.T.);
#1983=EDGE_CURVE('',#1352,#1551,#782,.T.);
#1984=EDGE_CURVE('',#1552,#1551,#1260,.T.);
#1985=EDGE_CURVE('',#1353,#1552,#783,.T.);
#1986=EDGE_CURVE('',#1553,#1552,#784,.T.);
#1987=EDGE_CURVE('',#1347,#1553,#785,.T.);
#1988=EDGE_CURVE('',#1546,#1553,#1261,.T.);
#1989=EDGE_CURVE('',#1338,#1554,#786,.T.);
#1990=EDGE_CURVE('',#1555,#1554,#787,.T.);
#1991=EDGE_CURVE('',#1340,#1555,#788,.T.);
#1992=EDGE_CURVE('',#1556,#1555,#1262,.T.);
#1993=EDGE_CURVE('',#1341,#1556,#789,.T.);
#1994=EDGE_CURVE('',#1557,#1556,#790,.T.);
#1995=EDGE_CURVE('',#1342,#1557,#791,.T.);
#1996=EDGE_CURVE('',#1558,#1557,#1263,.T.);
#1997=EDGE_CURVE('',#1343,#1558,#792,.T.);
#1998=EDGE_CURVE('',#1559,#1558,#793,.T.);
#1999=EDGE_CURVE('',#1344,#1559,#794,.T.);
#2000=EDGE_CURVE('',#1560,#1559,#1264,.T.);
#2001=EDGE_CURVE('',#1345,#1560,#795,.T.);
#2002=EDGE_CURVE('',#1561,#1560,#796,.T.);
#2003=EDGE_CURVE('',#1339,#1561,#797,.T.);
#2004=EDGE_CURVE('',#1554,#1561,#1265,.T.);
#2005=EDGE_CURVE('',#1337,#1562,#798,.T.);
#2006=EDGE_CURVE('',#1562,#1562,#1266,.T.);
#2007=EDGE_CURVE('',#1563,#1564,#799,.T.);
#2008=EDGE_CURVE('',#1336,#1563,#800,.T.);
#2009=EDGE_CURVE('',#1335,#1564,#801,.T.);
#2010=EDGE_CURVE('',#1564,#1565,#802,.T.);
#2011=EDGE_CURVE('',#1334,#1565,#803,.T.);
#2012=EDGE_CURVE('',#1565,#1566,#804,.T.);
#2013=EDGE_CURVE('',#1333,#1566,#805,.T.);
#2014=EDGE_CURVE('',#1566,#1563,#806,.T.);
#2015=EDGE_CURVE('',#1457,#1456,#807,.T.);
#2016=EDGE_CURVE('',#1567,#1332,#808,.T.);
#2017=EDGE_CURVE('',#1464,#1567,#809,.T.);
#2018=EDGE_CURVE('',#1568,#1463,#810,.T.);
#2019=EDGE_CURVE('',#1568,#1331,#811,.T.);
#2020=EDGE_CURVE('',#1567,#1568,#812,.T.);
#2021=EDGE_CURVE('',#1320,#1448,#813,.T.);
#2022=ORIENTED_EDGE('',*,*,#1569,.T.);
#2023=ORIENTED_EDGE('',*,*,#1570,.T.);
#2024=ORIENTED_EDGE('',*,*,#1571,.T.);
#2025=ORIENTED_EDGE('',*,*,#1572,.T.);
#2026=ORIENTED_EDGE('',*,*,#1569,.F.);
#2027=ORIENTED_EDGE('',*,*,#1573,.T.);
#2028=ORIENTED_EDGE('',*,*,#1574,.F.);
#2029=ORIENTED_EDGE('',*,*,#1575,.T.);
#2030=ORIENTED_EDGE('',*,*,#1576,.F.);
#2031=ORIENTED_EDGE('',*,*,#1577,.T.);
#2032=ORIENTED_EDGE('',*,*,#1578,.F.);
#2033=ORIENTED_EDGE('',*,*,#1579,.T.);
#2034=ORIENTED_EDGE('',*,*,#1580,.T.);
#2035=ORIENTED_EDGE('',*,*,#1581,.T.);
#2036=ORIENTED_EDGE('',*,*,#1582,.T.);
#2037=ORIENTED_EDGE('',*,*,#1583,.T.);
#2038=ORIENTED_EDGE('',*,*,#1584,.T.);
#2039=ORIENTED_EDGE('',*,*,#1585,.T.);
#2040=ORIENTED_EDGE('',*,*,#1586,.T.);
#2041=ORIENTED_EDGE('',*,*,#1587,.T.);
#2042=ORIENTED_EDGE('',*,*,#1572,.F.);
#2043=ORIENTED_EDGE('',*,*,#1588,.F.);
#2044=ORIENTED_EDGE('',*,*,#1589,.F.);
#2045=ORIENTED_EDGE('',*,*,#1573,.F.);
#2046=ORIENTED_EDGE('',*,*,#1574,.T.);
#2047=ORIENTED_EDGE('',*,*,#1589,.T.);
#2048=ORIENTED_EDGE('',*,*,#1590,.T.);
#2049=ORIENTED_EDGE('',*,*,#1591,.T.);
#2050=ORIENTED_EDGE('',*,*,#1576,.T.);
#2051=ORIENTED_EDGE('',*,*,#1592,.T.);
#2052=ORIENTED_EDGE('',*,*,#1593,.T.);
#2053=ORIENTED_EDGE('',*,*,#1594,.T.);
#2054=ORIENTED_EDGE('',*,*,#1594,.F.);
#2055=ORIENTED_EDGE('',*,*,#1595,.F.);
#2056=ORIENTED_EDGE('',*,*,#1596,.F.);
#2057=ORIENTED_EDGE('',*,*,#1577,.F.);
#2058=ORIENTED_EDGE('',*,*,#1597,.T.);
#2059=ORIENTED_EDGE('',*,*,#1598,.F.);
#2060=ORIENTED_EDGE('',*,*,#1599,.T.);
#2061=ORIENTED_EDGE('',*,*,#1600,.F.);
#2062=ORIENTED_EDGE('',*,*,#1601,.T.);
#2063=ORIENTED_EDGE('',*,*,#1602,.F.);
#2064=ORIENTED_EDGE('',*,*,#1603,.T.);
#2065=ORIENTED_EDGE('',*,*,#1604,.F.);
#2066=ORIENTED_EDGE('',*,*,#1578,.T.);
#2067=ORIENTED_EDGE('',*,*,#1596,.T.);
#2068=ORIENTED_EDGE('',*,*,#1605,.T.);
#2069=ORIENTED_EDGE('',*,*,#1606,.T.);
#2070=ORIENTED_EDGE('',*,*,#1607,.T.);
#2071=ORIENTED_EDGE('',*,*,#1608,.T.);
#2072=ORIENTED_EDGE('',*,*,#1600,.T.);
#2073=ORIENTED_EDGE('',*,*,#1609,.T.);
#2074=ORIENTED_EDGE('',*,*,#1608,.F.);
#2075=ORIENTED_EDGE('',*,*,#1610,.F.);
#2076=ORIENTED_EDGE('',*,*,#1611,.F.);
#2077=ORIENTED_EDGE('',*,*,#1601,.F.);
#2078=ORIENTED_EDGE('',*,*,#1612,.F.);
#2079=ORIENTED_EDGE('',*,*,#1613,.T.);
#2080=ORIENTED_EDGE('',*,*,#1602,.T.);
#2081=ORIENTED_EDGE('',*,*,#1611,.T.);
#2082=ORIENTED_EDGE('',*,*,#1614,.T.);
#2083=ORIENTED_EDGE('',*,*,#1613,.F.);
#2084=ORIENTED_EDGE('',*,*,#1615,.T.);
#2085=ORIENTED_EDGE('',*,*,#1616,.F.);
#2086=ORIENTED_EDGE('',*,*,#1603,.F.);
#2087=ORIENTED_EDGE('',*,*,#1612,.T.);
#2088=ORIENTED_EDGE('',*,*,#1617,.F.);
#2089=ORIENTED_EDGE('',*,*,#1618,.T.);
#2090=ORIENTED_EDGE('',*,*,#1615,.F.);
#2091=ORIENTED_EDGE('',*,*,#1618,.F.);
#2092=ORIENTED_EDGE('',*,*,#1619,.F.);
#2093=ORIENTED_EDGE('',*,*,#1620,.T.);
#2094=ORIENTED_EDGE('',*,*,#1604,.T.);
#2095=ORIENTED_EDGE('',*,*,#1616,.T.);
#2096=ORIENTED_EDGE('',*,*,#1620,.F.);
#2097=ORIENTED_EDGE('',*,*,#1621,.F.);
#2098=ORIENTED_EDGE('',*,*,#1622,.F.);
#2099=ORIENTED_EDGE('',*,*,#1597,.F.);
#2100=ORIENTED_EDGE('',*,*,#1623,.T.);
#2101=ORIENTED_EDGE('',*,*,#1624,.T.);
#2102=ORIENTED_EDGE('',*,*,#1598,.T.);
#2103=ORIENTED_EDGE('',*,*,#1622,.T.);
#2104=ORIENTED_EDGE('',*,*,#1609,.F.);
#2105=ORIENTED_EDGE('',*,*,#1599,.F.);
#2106=ORIENTED_EDGE('',*,*,#1624,.F.);
#2107=ORIENTED_EDGE('',*,*,#1625,.F.);
#2108=ORIENTED_EDGE('',*,*,#1610,.T.);
#2109=ORIENTED_EDGE('',*,*,#1607,.F.);
#2110=ORIENTED_EDGE('',*,*,#1625,.T.);
#2111=ORIENTED_EDGE('',*,*,#1623,.F.);
#2112=ORIENTED_EDGE('',*,*,#1621,.T.);
#2113=ORIENTED_EDGE('',*,*,#1619,.T.);
#2114=ORIENTED_EDGE('',*,*,#1626,.F.);
#2115=ORIENTED_EDGE('',*,*,#1627,.T.);
#2116=ORIENTED_EDGE('',*,*,#1585,.F.);
#2117=ORIENTED_EDGE('',*,*,#1628,.F.);
#2118=ORIENTED_EDGE('',*,*,#1629,.F.);
#2119=ORIENTED_EDGE('',*,*,#1614,.F.);
#2120=ORIENTED_EDGE('',*,*,#1630,.F.);
#2121=ORIENTED_EDGE('',*,*,#1631,.T.);
#2122=ORIENTED_EDGE('',*,*,#1586,.F.);
#2123=ORIENTED_EDGE('',*,*,#1627,.F.);
#2124=ORIENTED_EDGE('',*,*,#1632,.F.);
#2125=ORIENTED_EDGE('',*,*,#1633,.T.);
#2126=ORIENTED_EDGE('',*,*,#1587,.F.);
#2127=ORIENTED_EDGE('',*,*,#1631,.F.);
#2128=ORIENTED_EDGE('',*,*,#1634,.F.);
#2129=ORIENTED_EDGE('',*,*,#1628,.T.);
#2130=ORIENTED_EDGE('',*,*,#1584,.F.);
#2131=ORIENTED_EDGE('',*,*,#1633,.F.);
#2132=ORIENTED_EDGE('',*,*,#1583,.F.);
#2133=ORIENTED_EDGE('',*,*,#1635,.T.);
#2134=ORIENTED_EDGE('',*,*,#1636,.T.);
#2135=ORIENTED_EDGE('',*,*,#1635,.F.);
#2136=ORIENTED_EDGE('',*,*,#1580,.F.);
#2137=ORIENTED_EDGE('',*,*,#1637,.T.);
#2138=ORIENTED_EDGE('',*,*,#1638,.T.);
#2139=ORIENTED_EDGE('',*,*,#1637,.F.);
#2140=ORIENTED_EDGE('',*,*,#1581,.F.);
#2141=ORIENTED_EDGE('',*,*,#1639,.T.);
#2142=ORIENTED_EDGE('',*,*,#1640,.T.);
#2143=ORIENTED_EDGE('',*,*,#1639,.F.);
#2144=ORIENTED_EDGE('',*,*,#1582,.F.);
#2145=ORIENTED_EDGE('',*,*,#1641,.T.);
#2146=ORIENTED_EDGE('',*,*,#1642,.T.);
#2147=ORIENTED_EDGE('',*,*,#1641,.F.);
#2148=ORIENTED_EDGE('',*,*,#1570,.F.);
#2149=ORIENTED_EDGE('',*,*,#1579,.F.);
#2150=ORIENTED_EDGE('',*,*,#1606,.F.);
#2151=ORIENTED_EDGE('',*,*,#1643,.F.);
#2152=ORIENTED_EDGE('',*,*,#1591,.F.);
#2153=ORIENTED_EDGE('',*,*,#1644,.F.);
#2154=ORIENTED_EDGE('',*,*,#1592,.F.);
#2155=ORIENTED_EDGE('',*,*,#1575,.F.);
#2156=ORIENTED_EDGE('',*,*,#1632,.T.);
#2157=ORIENTED_EDGE('',*,*,#1630,.T.);
#2158=ORIENTED_EDGE('',*,*,#1626,.T.);
#2159=ORIENTED_EDGE('',*,*,#1617,.T.);
#2160=ORIENTED_EDGE('',*,*,#1629,.T.);
#2161=ORIENTED_EDGE('',*,*,#1634,.T.);
#2162=ORIENTED_EDGE('',*,*,#1571,.F.);
#2163=ORIENTED_EDGE('',*,*,#1643,.T.);
#2164=ORIENTED_EDGE('',*,*,#1605,.F.);
#2165=ORIENTED_EDGE('',*,*,#1595,.T.);
#2166=ORIENTED_EDGE('',*,*,#1593,.F.);
#2167=ORIENTED_EDGE('',*,*,#1644,.T.);
#2168=ORIENTED_EDGE('',*,*,#1590,.F.);
#2169=ORIENTED_EDGE('',*,*,#1588,.T.);
#2170=ORIENTED_EDGE('',*,*,#1642,.F.);
#2171=ORIENTED_EDGE('',*,*,#1640,.F.);
#2172=ORIENTED_EDGE('',*,*,#1638,.F.);
#2173=ORIENTED_EDGE('',*,*,#1636,.F.);
#2174=ORIENTED_EDGE('',*,*,#1645,.T.);
#2175=ORIENTED_EDGE('',*,*,#1646,.T.);
#2176=ORIENTED_EDGE('',*,*,#1647,.T.);
#2177=ORIENTED_EDGE('',*,*,#1648,.T.);
#2178=ORIENTED_EDGE('',*,*,#1646,.F.);
#2179=ORIENTED_EDGE('',*,*,#1649,.F.);
#2180=ORIENTED_EDGE('',*,*,#1650,.F.);
#2181=ORIENTED_EDGE('',*,*,#1651,.T.);
#2182=ORIENTED_EDGE('',*,*,#1645,.F.);
#2183=ORIENTED_EDGE('',*,*,#1652,.T.);
#2184=ORIENTED_EDGE('',*,*,#1653,.F.);
#2185=ORIENTED_EDGE('',*,*,#1654,.T.);
#2186=ORIENTED_EDGE('',*,*,#1655,.F.);
#2187=ORIENTED_EDGE('',*,*,#1656,.T.);
#2188=ORIENTED_EDGE('',*,*,#1657,.F.);
#2189=ORIENTED_EDGE('',*,*,#1649,.T.);
#2190=ORIENTED_EDGE('',*,*,#1658,.F.);
#2191=ORIENTED_EDGE('',*,*,#1659,.F.);
#2192=ORIENTED_EDGE('',*,*,#1660,.T.);
#2193=ORIENTED_EDGE('',*,*,#1661,.T.);
#2194=ORIENTED_EDGE('',*,*,#1662,.T.);
#2195=ORIENTED_EDGE('',*,*,#1663,.T.);
#2196=ORIENTED_EDGE('',*,*,#1664,.T.);
#2197=ORIENTED_EDGE('',*,*,#1665,.T.);
#2198=ORIENTED_EDGE('',*,*,#1666,.T.);
#2199=ORIENTED_EDGE('',*,*,#1667,.T.);
#2200=ORIENTED_EDGE('',*,*,#1668,.F.);
#2201=ORIENTED_EDGE('',*,*,#1669,.F.);
#2202=ORIENTED_EDGE('',*,*,#1670,.F.);
#2203=ORIENTED_EDGE('',*,*,#1671,.F.);
#2204=ORIENTED_EDGE('',*,*,#1672,.F.);
#2205=ORIENTED_EDGE('',*,*,#1673,.F.);
#2206=ORIENTED_EDGE('',*,*,#1674,.F.);
#2207=ORIENTED_EDGE('',*,*,#1675,.F.);
#2208=ORIENTED_EDGE('',*,*,#1676,.F.);
#2209=ORIENTED_EDGE('',*,*,#1677,.F.);
#2210=ORIENTED_EDGE('',*,*,#1678,.F.);
#2211=ORIENTED_EDGE('',*,*,#1679,.F.);
#2212=ORIENTED_EDGE('',*,*,#1680,.F.);
#2213=ORIENTED_EDGE('',*,*,#1681,.F.);
#2214=ORIENTED_EDGE('',*,*,#1682,.F.);
#2215=ORIENTED_EDGE('',*,*,#1683,.F.);
#2216=ORIENTED_EDGE('',*,*,#1684,.F.);
#2217=ORIENTED_EDGE('',*,*,#1685,.F.);
#2218=ORIENTED_EDGE('',*,*,#1686,.F.);
#2219=ORIENTED_EDGE('',*,*,#1687,.F.);
#2220=ORIENTED_EDGE('',*,*,#1688,.F.);
#2221=ORIENTED_EDGE('',*,*,#1689,.F.);
#2222=ORIENTED_EDGE('',*,*,#1690,.F.);
#2223=ORIENTED_EDGE('',*,*,#1691,.F.);
#2224=ORIENTED_EDGE('',*,*,#1692,.F.);
#2225=ORIENTED_EDGE('',*,*,#1693,.F.);
#2226=ORIENTED_EDGE('',*,*,#1694,.F.);
#2227=ORIENTED_EDGE('',*,*,#1695,.F.);
#2228=ORIENTED_EDGE('',*,*,#1696,.F.);
#2229=ORIENTED_EDGE('',*,*,#1697,.F.);
#2230=ORIENTED_EDGE('',*,*,#1698,.F.);
#2231=ORIENTED_EDGE('',*,*,#1699,.F.);
#2232=ORIENTED_EDGE('',*,*,#1700,.F.);
#2233=ORIENTED_EDGE('',*,*,#1701,.F.);
#2234=ORIENTED_EDGE('',*,*,#1702,.F.);
#2235=ORIENTED_EDGE('',*,*,#1703,.F.);
#2236=ORIENTED_EDGE('',*,*,#1704,.F.);
#2237=ORIENTED_EDGE('',*,*,#1705,.F.);
#2238=ORIENTED_EDGE('',*,*,#1706,.F.);
#2239=ORIENTED_EDGE('',*,*,#1707,.F.);
#2240=ORIENTED_EDGE('',*,*,#1708,.F.);
#2241=ORIENTED_EDGE('',*,*,#1709,.F.);
#2242=ORIENTED_EDGE('',*,*,#1710,.F.);
#2243=ORIENTED_EDGE('',*,*,#1711,.F.);
#2244=ORIENTED_EDGE('',*,*,#1712,.F.);
#2245=ORIENTED_EDGE('',*,*,#1713,.F.);
#2246=ORIENTED_EDGE('',*,*,#1714,.F.);
#2247=ORIENTED_EDGE('',*,*,#1715,.F.);
#2248=ORIENTED_EDGE('',*,*,#1716,.F.);
#2249=ORIENTED_EDGE('',*,*,#1717,.F.);
#2250=ORIENTED_EDGE('',*,*,#1718,.F.);
#2251=ORIENTED_EDGE('',*,*,#1719,.F.);
#2252=ORIENTED_EDGE('',*,*,#1720,.F.);
#2253=ORIENTED_EDGE('',*,*,#1721,.F.);
#2254=ORIENTED_EDGE('',*,*,#1722,.F.);
#2255=ORIENTED_EDGE('',*,*,#1723,.F.);
#2256=ORIENTED_EDGE('',*,*,#1724,.F.);
#2257=ORIENTED_EDGE('',*,*,#1725,.F.);
#2258=ORIENTED_EDGE('',*,*,#1726,.F.);
#2259=ORIENTED_EDGE('',*,*,#1727,.F.);
#2260=ORIENTED_EDGE('',*,*,#1728,.F.);
#2261=ORIENTED_EDGE('',*,*,#1729,.F.);
#2262=ORIENTED_EDGE('',*,*,#1730,.F.);
#2263=ORIENTED_EDGE('',*,*,#1731,.F.);
#2264=ORIENTED_EDGE('',*,*,#1732,.F.);
#2265=ORIENTED_EDGE('',*,*,#1733,.F.);
#2266=ORIENTED_EDGE('',*,*,#1734,.F.);
#2267=ORIENTED_EDGE('',*,*,#1735,.F.);
#2268=ORIENTED_EDGE('',*,*,#1736,.F.);
#2269=ORIENTED_EDGE('',*,*,#1737,.F.);
#2270=ORIENTED_EDGE('',*,*,#1738,.F.);
#2271=ORIENTED_EDGE('',*,*,#1739,.F.);
#2272=ORIENTED_EDGE('',*,*,#1740,.F.);
#2273=ORIENTED_EDGE('',*,*,#1741,.F.);
#2274=ORIENTED_EDGE('',*,*,#1742,.F.);
#2275=ORIENTED_EDGE('',*,*,#1743,.F.);
#2276=ORIENTED_EDGE('',*,*,#1744,.F.);
#2277=ORIENTED_EDGE('',*,*,#1745,.F.);
#2278=ORIENTED_EDGE('',*,*,#1746,.F.);
#2279=ORIENTED_EDGE('',*,*,#1747,.F.);
#2280=ORIENTED_EDGE('',*,*,#1748,.F.);
#2281=ORIENTED_EDGE('',*,*,#1749,.F.);
#2282=ORIENTED_EDGE('',*,*,#1750,.F.);
#2283=ORIENTED_EDGE('',*,*,#1751,.F.);
#2284=ORIENTED_EDGE('',*,*,#1752,.F.);
#2285=ORIENTED_EDGE('',*,*,#1753,.F.);
#2286=ORIENTED_EDGE('',*,*,#1754,.F.);
#2287=ORIENTED_EDGE('',*,*,#1755,.F.);
#2288=ORIENTED_EDGE('',*,*,#1756,.F.);
#2289=ORIENTED_EDGE('',*,*,#1757,.F.);
#2290=ORIENTED_EDGE('',*,*,#1758,.F.);
#2291=ORIENTED_EDGE('',*,*,#1759,.F.);
#2292=ORIENTED_EDGE('',*,*,#1760,.F.);
#2293=ORIENTED_EDGE('',*,*,#1761,.F.);
#2294=ORIENTED_EDGE('',*,*,#1762,.F.);
#2295=ORIENTED_EDGE('',*,*,#1763,.F.);
#2296=ORIENTED_EDGE('',*,*,#1764,.T.);
#2297=ORIENTED_EDGE('',*,*,#1765,.F.);
#2298=ORIENTED_EDGE('',*,*,#1766,.T.);
#2299=ORIENTED_EDGE('',*,*,#1767,.F.);
#2300=ORIENTED_EDGE('',*,*,#1768,.T.);
#2301=ORIENTED_EDGE('',*,*,#1769,.F.);
#2302=ORIENTED_EDGE('',*,*,#1770,.F.);
#2303=ORIENTED_EDGE('',*,*,#1771,.F.);
#2304=ORIENTED_EDGE('',*,*,#1772,.T.);
#2305=ORIENTED_EDGE('',*,*,#1773,.T.);
#2306=ORIENTED_EDGE('',*,*,#1774,.T.);
#2307=ORIENTED_EDGE('',*,*,#1775,.T.);
#2308=ORIENTED_EDGE('',*,*,#1657,.T.);
#2309=ORIENTED_EDGE('',*,*,#1776,.T.);
#2310=ORIENTED_EDGE('',*,*,#1777,.T.);
#2311=ORIENTED_EDGE('',*,*,#1650,.T.);
#2312=ORIENTED_EDGE('',*,*,#1776,.F.);
#2313=ORIENTED_EDGE('',*,*,#1656,.F.);
#2314=ORIENTED_EDGE('',*,*,#1778,.F.);
#2315=ORIENTED_EDGE('',*,*,#1779,.F.);
#2316=ORIENTED_EDGE('',*,*,#1653,.T.);
#2317=ORIENTED_EDGE('',*,*,#1780,.T.);
#2318=ORIENTED_EDGE('',*,*,#1781,.T.);
#2319=ORIENTED_EDGE('',*,*,#1782,.T.);
#2320=ORIENTED_EDGE('',*,*,#1782,.F.);
#2321=ORIENTED_EDGE('',*,*,#1783,.F.);
#2322=ORIENTED_EDGE('',*,*,#1784,.F.);
#2323=ORIENTED_EDGE('',*,*,#1654,.F.);
#2324=ORIENTED_EDGE('',*,*,#1655,.T.);
#2325=ORIENTED_EDGE('',*,*,#1784,.T.);
#2326=ORIENTED_EDGE('',*,*,#1785,.T.);
#2327=ORIENTED_EDGE('',*,*,#1778,.T.);
#2328=ORIENTED_EDGE('',*,*,#1786,.T.);
#2329=ORIENTED_EDGE('',*,*,#1787,.T.);
#2330=ORIENTED_EDGE('',*,*,#1767,.T.);
#2331=ORIENTED_EDGE('',*,*,#1788,.T.);
#2332=ORIENTED_EDGE('',*,*,#1787,.F.);
#2333=ORIENTED_EDGE('',*,*,#1789,.F.);
#2334=ORIENTED_EDGE('',*,*,#1790,.F.);
#2335=ORIENTED_EDGE('',*,*,#1768,.F.);
#2336=ORIENTED_EDGE('',*,*,#1791,.T.);
#2337=ORIENTED_EDGE('',*,*,#1792,.T.);
#2338=ORIENTED_EDGE('',*,*,#1769,.T.);
#2339=ORIENTED_EDGE('',*,*,#1790,.T.);
#2340=ORIENTED_EDGE('',*,*,#1792,.F.);
#2341=ORIENTED_EDGE('',*,*,#1793,.F.);
#2342=ORIENTED_EDGE('',*,*,#1794,.F.);
#2343=ORIENTED_EDGE('',*,*,#1770,.T.);
#2344=ORIENTED_EDGE('',*,*,#1771,.T.);
#2345=ORIENTED_EDGE('',*,*,#1794,.T.);
#2346=ORIENTED_EDGE('',*,*,#1795,.T.);
#2347=ORIENTED_EDGE('',*,*,#1796,.T.);
#2348=ORIENTED_EDGE('',*,*,#1797,.T.);
#2349=ORIENTED_EDGE('',*,*,#1798,.T.);
#2350=ORIENTED_EDGE('',*,*,#1765,.T.);
#2351=ORIENTED_EDGE('',*,*,#1799,.T.);
#2352=ORIENTED_EDGE('',*,*,#1788,.F.);
#2353=ORIENTED_EDGE('',*,*,#1766,.F.);
#2354=ORIENTED_EDGE('',*,*,#1798,.F.);
#2355=ORIENTED_EDGE('',*,*,#1800,.F.);
#2356=ORIENTED_EDGE('',*,*,#1775,.F.);
#2357=ORIENTED_EDGE('',*,*,#1801,.T.);
#2358=ORIENTED_EDGE('',*,*,#1802,.F.);
#2359=ORIENTED_EDGE('',*,*,#1801,.F.);
#2360=ORIENTED_EDGE('',*,*,#1774,.F.);
#2361=ORIENTED_EDGE('',*,*,#1803,.T.);
#2362=ORIENTED_EDGE('',*,*,#1804,.F.);
#2363=ORIENTED_EDGE('',*,*,#1803,.F.);
#2364=ORIENTED_EDGE('',*,*,#1773,.F.);
#2365=ORIENTED_EDGE('',*,*,#1805,.T.);
#2366=ORIENTED_EDGE('',*,*,#1806,.F.);
#2367=ORIENTED_EDGE('',*,*,#1805,.F.);
#2368=ORIENTED_EDGE('',*,*,#1772,.F.);
#2369=ORIENTED_EDGE('',*,*,#1807,.T.);
#2370=ORIENTED_EDGE('',*,*,#1808,.F.);
#2371=ORIENTED_EDGE('',*,*,#1807,.F.);
#2372=ORIENTED_EDGE('',*,*,#1809,.F.);
#2373=ORIENTED_EDGE('',*,*,#1659,.T.);
#2374=ORIENTED_EDGE('',*,*,#1658,.T.);
#2375=ORIENTED_EDGE('',*,*,#1810,.F.);
#2376=ORIENTED_EDGE('',*,*,#1811,.F.);
#2377=ORIENTED_EDGE('',*,*,#1812,.F.);
#2378=ORIENTED_EDGE('',*,*,#1757,.T.);
#2379=ORIENTED_EDGE('',*,*,#1813,.T.);
#2380=ORIENTED_EDGE('',*,*,#1814,.F.);
#2381=ORIENTED_EDGE('',*,*,#1815,.F.);
#2382=ORIENTED_EDGE('',*,*,#1758,.T.);
#2383=ORIENTED_EDGE('',*,*,#1815,.T.);
#2384=ORIENTED_EDGE('',*,*,#1816,.F.);
#2385=ORIENTED_EDGE('',*,*,#1817,.F.);
#2386=ORIENTED_EDGE('',*,*,#1759,.T.);
#2387=ORIENTED_EDGE('',*,*,#1817,.T.);
#2388=ORIENTED_EDGE('',*,*,#1818,.F.);
#2389=ORIENTED_EDGE('',*,*,#1819,.F.);
#2390=ORIENTED_EDGE('',*,*,#1760,.T.);
#2391=ORIENTED_EDGE('',*,*,#1819,.T.);
#2392=ORIENTED_EDGE('',*,*,#1820,.F.);
#2393=ORIENTED_EDGE('',*,*,#1821,.F.);
#2394=ORIENTED_EDGE('',*,*,#1761,.T.);
#2395=ORIENTED_EDGE('',*,*,#1821,.T.);
#2396=ORIENTED_EDGE('',*,*,#1822,.F.);
#2397=ORIENTED_EDGE('',*,*,#1823,.F.);
#2398=ORIENTED_EDGE('',*,*,#1762,.T.);
#2399=ORIENTED_EDGE('',*,*,#1823,.T.);
#2400=ORIENTED_EDGE('',*,*,#1824,.F.);
#2401=ORIENTED_EDGE('',*,*,#1825,.F.);
#2402=ORIENTED_EDGE('',*,*,#1763,.T.);
#2403=ORIENTED_EDGE('',*,*,#1825,.T.);
#2404=ORIENTED_EDGE('',*,*,#1826,.F.);
#2405=ORIENTED_EDGE('',*,*,#1827,.F.);
#2406=ORIENTED_EDGE('',*,*,#1756,.T.);
#2407=ORIENTED_EDGE('',*,*,#1827,.T.);
#2408=ORIENTED_EDGE('',*,*,#1828,.F.);
#2409=ORIENTED_EDGE('',*,*,#1813,.F.);
#2410=ORIENTED_EDGE('',*,*,#1749,.T.);
#2411=ORIENTED_EDGE('',*,*,#1829,.T.);
#2412=ORIENTED_EDGE('',*,*,#1830,.F.);
#2413=ORIENTED_EDGE('',*,*,#1831,.F.);
#2414=ORIENTED_EDGE('',*,*,#1750,.T.);
#2415=ORIENTED_EDGE('',*,*,#1831,.T.);
#2416=ORIENTED_EDGE('',*,*,#1832,.F.);
#2417=ORIENTED_EDGE('',*,*,#1833,.F.);
#2418=ORIENTED_EDGE('',*,*,#1751,.T.);
#2419=ORIENTED_EDGE('',*,*,#1833,.T.);
#2420=ORIENTED_EDGE('',*,*,#1834,.F.);
#2421=ORIENTED_EDGE('',*,*,#1835,.F.);
#2422=ORIENTED_EDGE('',*,*,#1752,.T.);
#2423=ORIENTED_EDGE('',*,*,#1835,.T.);
#2424=ORIENTED_EDGE('',*,*,#1836,.F.);
#2425=ORIENTED_EDGE('',*,*,#1837,.F.);
#2426=ORIENTED_EDGE('',*,*,#1753,.T.);
#2427=ORIENTED_EDGE('',*,*,#1837,.T.);
#2428=ORIENTED_EDGE('',*,*,#1838,.F.);
#2429=ORIENTED_EDGE('',*,*,#1839,.F.);
#2430=ORIENTED_EDGE('',*,*,#1754,.T.);
#2431=ORIENTED_EDGE('',*,*,#1839,.T.);
#2432=ORIENTED_EDGE('',*,*,#1840,.F.);
#2433=ORIENTED_EDGE('',*,*,#1841,.F.);
#2434=ORIENTED_EDGE('',*,*,#1755,.T.);
#2435=ORIENTED_EDGE('',*,*,#1841,.T.);
#2436=ORIENTED_EDGE('',*,*,#1842,.F.);
#2437=ORIENTED_EDGE('',*,*,#1843,.F.);
#2438=ORIENTED_EDGE('',*,*,#1748,.T.);
#2439=ORIENTED_EDGE('',*,*,#1843,.T.);
#2440=ORIENTED_EDGE('',*,*,#1844,.F.);
#2441=ORIENTED_EDGE('',*,*,#1829,.F.);
#2442=ORIENTED_EDGE('',*,*,#1741,.T.);
#2443=ORIENTED_EDGE('',*,*,#1845,.T.);
#2444=ORIENTED_EDGE('',*,*,#1846,.F.);
#2445=ORIENTED_EDGE('',*,*,#1847,.F.);
#2446=ORIENTED_EDGE('',*,*,#1742,.T.);
#2447=ORIENTED_EDGE('',*,*,#1847,.T.);
#2448=ORIENTED_EDGE('',*,*,#1848,.F.);
#2449=ORIENTED_EDGE('',*,*,#1849,.F.);
#2450=ORIENTED_EDGE('',*,*,#1743,.T.);
#2451=ORIENTED_EDGE('',*,*,#1849,.T.);
#2452=ORIENTED_EDGE('',*,*,#1850,.F.);
#2453=ORIENTED_EDGE('',*,*,#1851,.F.);
#2454=ORIENTED_EDGE('',*,*,#1744,.T.);
#2455=ORIENTED_EDGE('',*,*,#1851,.T.);
#2456=ORIENTED_EDGE('',*,*,#1852,.F.);
#2457=ORIENTED_EDGE('',*,*,#1853,.F.);
#2458=ORIENTED_EDGE('',*,*,#1745,.T.);
#2459=ORIENTED_EDGE('',*,*,#1853,.T.);
#2460=ORIENTED_EDGE('',*,*,#1854,.F.);
#2461=ORIENTED_EDGE('',*,*,#1855,.F.);
#2462=ORIENTED_EDGE('',*,*,#1746,.T.);
#2463=ORIENTED_EDGE('',*,*,#1855,.T.);
#2464=ORIENTED_EDGE('',*,*,#1856,.F.);
#2465=ORIENTED_EDGE('',*,*,#1857,.F.);
#2466=ORIENTED_EDGE('',*,*,#1747,.T.);
#2467=ORIENTED_EDGE('',*,*,#1857,.T.);
#2468=ORIENTED_EDGE('',*,*,#1858,.F.);
#2469=ORIENTED_EDGE('',*,*,#1859,.F.);
#2470=ORIENTED_EDGE('',*,*,#1740,.T.);
#2471=ORIENTED_EDGE('',*,*,#1859,.T.);
#2472=ORIENTED_EDGE('',*,*,#1860,.F.);
#2473=ORIENTED_EDGE('',*,*,#1845,.F.);
#2474=ORIENTED_EDGE('',*,*,#1733,.T.);
#2475=ORIENTED_EDGE('',*,*,#1861,.T.);
#2476=ORIENTED_EDGE('',*,*,#1862,.F.);
#2477=ORIENTED_EDGE('',*,*,#1863,.F.);
#2478=ORIENTED_EDGE('',*,*,#1734,.T.);
#2479=ORIENTED_EDGE('',*,*,#1863,.T.);
#2480=ORIENTED_EDGE('',*,*,#1864,.F.);
#2481=ORIENTED_EDGE('',*,*,#1865,.F.);
#2482=ORIENTED_EDGE('',*,*,#1735,.T.);
#2483=ORIENTED_EDGE('',*,*,#1865,.T.);
#2484=ORIENTED_EDGE('',*,*,#1866,.F.);
#2485=ORIENTED_EDGE('',*,*,#1867,.F.);
#2486=ORIENTED_EDGE('',*,*,#1736,.T.);
#2487=ORIENTED_EDGE('',*,*,#1867,.T.);
#2488=ORIENTED_EDGE('',*,*,#1868,.F.);
#2489=ORIENTED_EDGE('',*,*,#1869,.F.);
#2490=ORIENTED_EDGE('',*,*,#1737,.T.);
#2491=ORIENTED_EDGE('',*,*,#1869,.T.);
#2492=ORIENTED_EDGE('',*,*,#1870,.F.);
#2493=ORIENTED_EDGE('',*,*,#1871,.F.);
#2494=ORIENTED_EDGE('',*,*,#1738,.T.);
#2495=ORIENTED_EDGE('',*,*,#1871,.T.);
#2496=ORIENTED_EDGE('',*,*,#1872,.F.);
#2497=ORIENTED_EDGE('',*,*,#1873,.F.);
#2498=ORIENTED_EDGE('',*,*,#1739,.T.);
#2499=ORIENTED_EDGE('',*,*,#1873,.T.);
#2500=ORIENTED_EDGE('',*,*,#1874,.F.);
#2501=ORIENTED_EDGE('',*,*,#1875,.F.);
#2502=ORIENTED_EDGE('',*,*,#1732,.T.);
#2503=ORIENTED_EDGE('',*,*,#1875,.T.);
#2504=ORIENTED_EDGE('',*,*,#1876,.F.);
#2505=ORIENTED_EDGE('',*,*,#1861,.F.);
#2506=ORIENTED_EDGE('',*,*,#1725,.T.);
#2507=ORIENTED_EDGE('',*,*,#1877,.T.);
#2508=ORIENTED_EDGE('',*,*,#1878,.F.);
#2509=ORIENTED_EDGE('',*,*,#1879,.F.);
#2510=ORIENTED_EDGE('',*,*,#1726,.T.);
#2511=ORIENTED_EDGE('',*,*,#1879,.T.);
#2512=ORIENTED_EDGE('',*,*,#1880,.F.);
#2513=ORIENTED_EDGE('',*,*,#1881,.F.);
#2514=ORIENTED_EDGE('',*,*,#1727,.T.);
#2515=ORIENTED_EDGE('',*,*,#1881,.T.);
#2516=ORIENTED_EDGE('',*,*,#1882,.F.);
#2517=ORIENTED_EDGE('',*,*,#1883,.F.);
#2518=ORIENTED_EDGE('',*,*,#1728,.T.);
#2519=ORIENTED_EDGE('',*,*,#1883,.T.);
#2520=ORIENTED_EDGE('',*,*,#1884,.F.);
#2521=ORIENTED_EDGE('',*,*,#1885,.F.);
#2522=ORIENTED_EDGE('',*,*,#1729,.T.);
#2523=ORIENTED_EDGE('',*,*,#1885,.T.);
#2524=ORIENTED_EDGE('',*,*,#1886,.F.);
#2525=ORIENTED_EDGE('',*,*,#1887,.F.);
#2526=ORIENTED_EDGE('',*,*,#1730,.T.);
#2527=ORIENTED_EDGE('',*,*,#1887,.T.);
#2528=ORIENTED_EDGE('',*,*,#1888,.F.);
#2529=ORIENTED_EDGE('',*,*,#1889,.F.);
#2530=ORIENTED_EDGE('',*,*,#1731,.T.);
#2531=ORIENTED_EDGE('',*,*,#1889,.T.);
#2532=ORIENTED_EDGE('',*,*,#1890,.F.);
#2533=ORIENTED_EDGE('',*,*,#1891,.F.);
#2534=ORIENTED_EDGE('',*,*,#1724,.T.);
#2535=ORIENTED_EDGE('',*,*,#1891,.T.);
#2536=ORIENTED_EDGE('',*,*,#1892,.F.);
#2537=ORIENTED_EDGE('',*,*,#1877,.F.);
#2538=ORIENTED_EDGE('',*,*,#1717,.T.);
#2539=ORIENTED_EDGE('',*,*,#1893,.T.);
#2540=ORIENTED_EDGE('',*,*,#1894,.F.);
#2541=ORIENTED_EDGE('',*,*,#1895,.F.);
#2542=ORIENTED_EDGE('',*,*,#1718,.T.);
#2543=ORIENTED_EDGE('',*,*,#1895,.T.);
#2544=ORIENTED_EDGE('',*,*,#1896,.F.);
#2545=ORIENTED_EDGE('',*,*,#1897,.F.);
#2546=ORIENTED_EDGE('',*,*,#1719,.T.);
#2547=ORIENTED_EDGE('',*,*,#1897,.T.);
#2548=ORIENTED_EDGE('',*,*,#1898,.F.);
#2549=ORIENTED_EDGE('',*,*,#1899,.F.);
#2550=ORIENTED_EDGE('',*,*,#1720,.T.);
#2551=ORIENTED_EDGE('',*,*,#1899,.T.);
#2552=ORIENTED_EDGE('',*,*,#1900,.F.);
#2553=ORIENTED_EDGE('',*,*,#1901,.F.);
#2554=ORIENTED_EDGE('',*,*,#1721,.T.);
#2555=ORIENTED_EDGE('',*,*,#1901,.T.);
#2556=ORIENTED_EDGE('',*,*,#1902,.F.);
#2557=ORIENTED_EDGE('',*,*,#1903,.F.);
#2558=ORIENTED_EDGE('',*,*,#1722,.T.);
#2559=ORIENTED_EDGE('',*,*,#1903,.T.);
#2560=ORIENTED_EDGE('',*,*,#1904,.F.);
#2561=ORIENTED_EDGE('',*,*,#1905,.F.);
#2562=ORIENTED_EDGE('',*,*,#1723,.T.);
#2563=ORIENTED_EDGE('',*,*,#1905,.T.);
#2564=ORIENTED_EDGE('',*,*,#1906,.F.);
#2565=ORIENTED_EDGE('',*,*,#1907,.F.);
#2566=ORIENTED_EDGE('',*,*,#1716,.T.);
#2567=ORIENTED_EDGE('',*,*,#1907,.T.);
#2568=ORIENTED_EDGE('',*,*,#1908,.F.);
#2569=ORIENTED_EDGE('',*,*,#1893,.F.);
#2570=ORIENTED_EDGE('',*,*,#1709,.T.);
#2571=ORIENTED_EDGE('',*,*,#1909,.T.);
#2572=ORIENTED_EDGE('',*,*,#1910,.F.);
#2573=ORIENTED_EDGE('',*,*,#1911,.F.);
#2574=ORIENTED_EDGE('',*,*,#1710,.T.);
#2575=ORIENTED_EDGE('',*,*,#1911,.T.);
#2576=ORIENTED_EDGE('',*,*,#1912,.F.);
#2577=ORIENTED_EDGE('',*,*,#1913,.F.);
#2578=ORIENTED_EDGE('',*,*,#1711,.T.);
#2579=ORIENTED_EDGE('',*,*,#1913,.T.);
#2580=ORIENTED_EDGE('',*,*,#1914,.F.);
#2581=ORIENTED_EDGE('',*,*,#1915,.F.);
#2582=ORIENTED_EDGE('',*,*,#1712,.T.);
#2583=ORIENTED_EDGE('',*,*,#1915,.T.);
#2584=ORIENTED_EDGE('',*,*,#1916,.F.);
#2585=ORIENTED_EDGE('',*,*,#1917,.F.);
#2586=ORIENTED_EDGE('',*,*,#1713,.T.);
#2587=ORIENTED_EDGE('',*,*,#1917,.T.);
#2588=ORIENTED_EDGE('',*,*,#1918,.F.);
#2589=ORIENTED_EDGE('',*,*,#1919,.F.);
#2590=ORIENTED_EDGE('',*,*,#1714,.T.);
#2591=ORIENTED_EDGE('',*,*,#1919,.T.);
#2592=ORIENTED_EDGE('',*,*,#1920,.F.);
#2593=ORIENTED_EDGE('',*,*,#1921,.F.);
#2594=ORIENTED_EDGE('',*,*,#1715,.T.);
#2595=ORIENTED_EDGE('',*,*,#1921,.T.);
#2596=ORIENTED_EDGE('',*,*,#1922,.F.);
#2597=ORIENTED_EDGE('',*,*,#1923,.F.);
#2598=ORIENTED_EDGE('',*,*,#1708,.T.);
#2599=ORIENTED_EDGE('',*,*,#1923,.T.);
#2600=ORIENTED_EDGE('',*,*,#1924,.F.);
#2601=ORIENTED_EDGE('',*,*,#1909,.F.);
#2602=ORIENTED_EDGE('',*,*,#1701,.T.);
#2603=ORIENTED_EDGE('',*,*,#1925,.T.);
#2604=ORIENTED_EDGE('',*,*,#1926,.F.);
#2605=ORIENTED_EDGE('',*,*,#1927,.F.);
#2606=ORIENTED_EDGE('',*,*,#1702,.T.);
#2607=ORIENTED_EDGE('',*,*,#1927,.T.);
#2608=ORIENTED_EDGE('',*,*,#1928,.F.);
#2609=ORIENTED_EDGE('',*,*,#1929,.F.);
#2610=ORIENTED_EDGE('',*,*,#1703,.T.);
#2611=ORIENTED_EDGE('',*,*,#1929,.T.);
#2612=ORIENTED_EDGE('',*,*,#1930,.F.);
#2613=ORIENTED_EDGE('',*,*,#1931,.F.);
#2614=ORIENTED_EDGE('',*,*,#1704,.T.);
#2615=ORIENTED_EDGE('',*,*,#1931,.T.);
#2616=ORIENTED_EDGE('',*,*,#1932,.F.);
#2617=ORIENTED_EDGE('',*,*,#1933,.F.);
#2618=ORIENTED_EDGE('',*,*,#1705,.T.);
#2619=ORIENTED_EDGE('',*,*,#1933,.T.);
#2620=ORIENTED_EDGE('',*,*,#1934,.F.);
#2621=ORIENTED_EDGE('',*,*,#1935,.F.);
#2622=ORIENTED_EDGE('',*,*,#1706,.T.);
#2623=ORIENTED_EDGE('',*,*,#1935,.T.);
#2624=ORIENTED_EDGE('',*,*,#1936,.F.);
#2625=ORIENTED_EDGE('',*,*,#1937,.F.);
#2626=ORIENTED_EDGE('',*,*,#1707,.T.);
#2627=ORIENTED_EDGE('',*,*,#1937,.T.);
#2628=ORIENTED_EDGE('',*,*,#1938,.F.);
#2629=ORIENTED_EDGE('',*,*,#1939,.F.);
#2630=ORIENTED_EDGE('',*,*,#1700,.T.);
#2631=ORIENTED_EDGE('',*,*,#1939,.T.);
#2632=ORIENTED_EDGE('',*,*,#1940,.F.);
#2633=ORIENTED_EDGE('',*,*,#1925,.F.);
#2634=ORIENTED_EDGE('',*,*,#1693,.T.);
#2635=ORIENTED_EDGE('',*,*,#1941,.T.);
#2636=ORIENTED_EDGE('',*,*,#1942,.F.);
#2637=ORIENTED_EDGE('',*,*,#1943,.F.);
#2638=ORIENTED_EDGE('',*,*,#1694,.T.);
#2639=ORIENTED_EDGE('',*,*,#1943,.T.);
#2640=ORIENTED_EDGE('',*,*,#1944,.F.);
#2641=ORIENTED_EDGE('',*,*,#1945,.F.);
#2642=ORIENTED_EDGE('',*,*,#1695,.T.);
#2643=ORIENTED_EDGE('',*,*,#1945,.T.);
#2644=ORIENTED_EDGE('',*,*,#1946,.F.);
#2645=ORIENTED_EDGE('',*,*,#1947,.F.);
#2646=ORIENTED_EDGE('',*,*,#1696,.T.);
#2647=ORIENTED_EDGE('',*,*,#1947,.T.);
#2648=ORIENTED_EDGE('',*,*,#1948,.F.);
#2649=ORIENTED_EDGE('',*,*,#1949,.F.);
#2650=ORIENTED_EDGE('',*,*,#1697,.T.);
#2651=ORIENTED_EDGE('',*,*,#1949,.T.);
#2652=ORIENTED_EDGE('',*,*,#1950,.F.);
#2653=ORIENTED_EDGE('',*,*,#1951,.F.);
#2654=ORIENTED_EDGE('',*,*,#1698,.T.);
#2655=ORIENTED_EDGE('',*,*,#1951,.T.);
#2656=ORIENTED_EDGE('',*,*,#1952,.F.);
#2657=ORIENTED_EDGE('',*,*,#1953,.F.);
#2658=ORIENTED_EDGE('',*,*,#1699,.T.);
#2659=ORIENTED_EDGE('',*,*,#1953,.T.);
#2660=ORIENTED_EDGE('',*,*,#1954,.F.);
#2661=ORIENTED_EDGE('',*,*,#1955,.F.);
#2662=ORIENTED_EDGE('',*,*,#1692,.T.);
#2663=ORIENTED_EDGE('',*,*,#1955,.T.);
#2664=ORIENTED_EDGE('',*,*,#1956,.F.);
#2665=ORIENTED_EDGE('',*,*,#1941,.F.);
#2666=ORIENTED_EDGE('',*,*,#1685,.T.);
#2667=ORIENTED_EDGE('',*,*,#1957,.T.);
#2668=ORIENTED_EDGE('',*,*,#1958,.F.);
#2669=ORIENTED_EDGE('',*,*,#1959,.F.);
#2670=ORIENTED_EDGE('',*,*,#1686,.T.);
#2671=ORIENTED_EDGE('',*,*,#1959,.T.);
#2672=ORIENTED_EDGE('',*,*,#1960,.F.);
#2673=ORIENTED_EDGE('',*,*,#1961,.F.);
#2674=ORIENTED_EDGE('',*,*,#1687,.T.);
#2675=ORIENTED_EDGE('',*,*,#1961,.T.);
#2676=ORIENTED_EDGE('',*,*,#1962,.F.);
#2677=ORIENTED_EDGE('',*,*,#1963,.F.);
#2678=ORIENTED_EDGE('',*,*,#1688,.T.);
#2679=ORIENTED_EDGE('',*,*,#1963,.T.);
#2680=ORIENTED_EDGE('',*,*,#1964,.F.);
#2681=ORIENTED_EDGE('',*,*,#1965,.F.);
#2682=ORIENTED_EDGE('',*,*,#1689,.T.);
#2683=ORIENTED_EDGE('',*,*,#1965,.T.);
#2684=ORIENTED_EDGE('',*,*,#1966,.F.);
#2685=ORIENTED_EDGE('',*,*,#1967,.F.);
#2686=ORIENTED_EDGE('',*,*,#1690,.T.);
#2687=ORIENTED_EDGE('',*,*,#1967,.T.);
#2688=ORIENTED_EDGE('',*,*,#1968,.F.);
#2689=ORIENTED_EDGE('',*,*,#1969,.F.);
#2690=ORIENTED_EDGE('',*,*,#1691,.T.);
#2691=ORIENTED_EDGE('',*,*,#1969,.T.);
#2692=ORIENTED_EDGE('',*,*,#1970,.F.);
#2693=ORIENTED_EDGE('',*,*,#1971,.F.);
#2694=ORIENTED_EDGE('',*,*,#1684,.T.);
#2695=ORIENTED_EDGE('',*,*,#1971,.T.);
#2696=ORIENTED_EDGE('',*,*,#1972,.F.);
#2697=ORIENTED_EDGE('',*,*,#1957,.F.);
#2698=ORIENTED_EDGE('',*,*,#1677,.T.);
#2699=ORIENTED_EDGE('',*,*,#1973,.T.);
#2700=ORIENTED_EDGE('',*,*,#1974,.F.);
#2701=ORIENTED_EDGE('',*,*,#1975,.F.);
#2702=ORIENTED_EDGE('',*,*,#1678,.T.);
#2703=ORIENTED_EDGE('',*,*,#1975,.T.);
#2704=ORIENTED_EDGE('',*,*,#1976,.F.);
#2705=ORIENTED_EDGE('',*,*,#1977,.F.);
#2706=ORIENTED_EDGE('',*,*,#1679,.T.);
#2707=ORIENTED_EDGE('',*,*,#1977,.T.);
#2708=ORIENTED_EDGE('',*,*,#1978,.F.);
#2709=ORIENTED_EDGE('',*,*,#1979,.F.);
#2710=ORIENTED_EDGE('',*,*,#1680,.T.);
#2711=ORIENTED_EDGE('',*,*,#1979,.T.);
#2712=ORIENTED_EDGE('',*,*,#1980,.F.);
#2713=ORIENTED_EDGE('',*,*,#1981,.F.);
#2714=ORIENTED_EDGE('',*,*,#1681,.T.);
#2715=ORIENTED_EDGE('',*,*,#1981,.T.);
#2716=ORIENTED_EDGE('',*,*,#1982,.F.);
#2717=ORIENTED_EDGE('',*,*,#1983,.F.);
#2718=ORIENTED_EDGE('',*,*,#1682,.T.);
#2719=ORIENTED_EDGE('',*,*,#1983,.T.);
#2720=ORIENTED_EDGE('',*,*,#1984,.F.);
#2721=ORIENTED_EDGE('',*,*,#1985,.F.);
#2722=ORIENTED_EDGE('',*,*,#1683,.T.);
#2723=ORIENTED_EDGE('',*,*,#1985,.T.);
#2724=ORIENTED_EDGE('',*,*,#1986,.F.);
#2725=ORIENTED_EDGE('',*,*,#1987,.F.);
#2726=ORIENTED_EDGE('',*,*,#1676,.T.);
#2727=ORIENTED_EDGE('',*,*,#1987,.T.);
#2728=ORIENTED_EDGE('',*,*,#1988,.F.);
#2729=ORIENTED_EDGE('',*,*,#1973,.F.);
#2730=ORIENTED_EDGE('',*,*,#1669,.T.);
#2731=ORIENTED_EDGE('',*,*,#1989,.T.);
#2732=ORIENTED_EDGE('',*,*,#1990,.F.);
#2733=ORIENTED_EDGE('',*,*,#1991,.F.);
#2734=ORIENTED_EDGE('',*,*,#1670,.T.);
#2735=ORIENTED_EDGE('',*,*,#1991,.T.);
#2736=ORIENTED_EDGE('',*,*,#1992,.F.);
#2737=ORIENTED_EDGE('',*,*,#1993,.F.);
#2738=ORIENTED_EDGE('',*,*,#1671,.T.);
#2739=ORIENTED_EDGE('',*,*,#1993,.T.);
#2740=ORIENTED_EDGE('',*,*,#1994,.F.);
#2741=ORIENTED_EDGE('',*,*,#1995,.F.);
#2742=ORIENTED_EDGE('',*,*,#1672,.T.);
#2743=ORIENTED_EDGE('',*,*,#1995,.T.);
#2744=ORIENTED_EDGE('',*,*,#1996,.F.);
#2745=ORIENTED_EDGE('',*,*,#1997,.F.);
#2746=ORIENTED_EDGE('',*,*,#1673,.T.);
#2747=ORIENTED_EDGE('',*,*,#1997,.T.);
#2748=ORIENTED_EDGE('',*,*,#1998,.F.);
#2749=ORIENTED_EDGE('',*,*,#1999,.F.);
#2750=ORIENTED_EDGE('',*,*,#1674,.T.);
#2751=ORIENTED_EDGE('',*,*,#1999,.T.);
#2752=ORIENTED_EDGE('',*,*,#2000,.F.);
#2753=ORIENTED_EDGE('',*,*,#2001,.F.);
#2754=ORIENTED_EDGE('',*,*,#1675,.T.);
#2755=ORIENTED_EDGE('',*,*,#2001,.T.);
#2756=ORIENTED_EDGE('',*,*,#2002,.F.);
#2757=ORIENTED_EDGE('',*,*,#2003,.F.);
#2758=ORIENTED_EDGE('',*,*,#1668,.T.);
#2759=ORIENTED_EDGE('',*,*,#2003,.T.);
#2760=ORIENTED_EDGE('',*,*,#2004,.F.);
#2761=ORIENTED_EDGE('',*,*,#1989,.F.);
#2762=ORIENTED_EDGE('',*,*,#1667,.F.);
#2763=ORIENTED_EDGE('',*,*,#2005,.T.);
#2764=ORIENTED_EDGE('',*,*,#2006,.F.);
#2765=ORIENTED_EDGE('',*,*,#2005,.F.);
#2766=ORIENTED_EDGE('',*,*,#2007,.F.);
#2767=ORIENTED_EDGE('',*,*,#2008,.F.);
#2768=ORIENTED_EDGE('',*,*,#1665,.F.);
#2769=ORIENTED_EDGE('',*,*,#2009,.T.);
#2770=ORIENTED_EDGE('',*,*,#2010,.F.);
#2771=ORIENTED_EDGE('',*,*,#2009,.F.);
#2772=ORIENTED_EDGE('',*,*,#1664,.F.);
#2773=ORIENTED_EDGE('',*,*,#2011,.T.);
#2774=ORIENTED_EDGE('',*,*,#2012,.F.);
#2775=ORIENTED_EDGE('',*,*,#2011,.F.);
#2776=ORIENTED_EDGE('',*,*,#1663,.F.);
#2777=ORIENTED_EDGE('',*,*,#2013,.T.);
#2778=ORIENTED_EDGE('',*,*,#2014,.F.);
#2779=ORIENTED_EDGE('',*,*,#2013,.F.);
#2780=ORIENTED_EDGE('',*,*,#1666,.F.);
#2781=ORIENTED_EDGE('',*,*,#2008,.T.);
#2782=ORIENTED_EDGE('',*,*,#1796,.F.);
#2783=ORIENTED_EDGE('',*,*,#2015,.F.);
#2784=ORIENTED_EDGE('',*,*,#1799,.F.);
#2785=ORIENTED_EDGE('',*,*,#1764,.F.);
#2786=ORIENTED_EDGE('',*,*,#1810,.T.);
#2787=ORIENTED_EDGE('',*,*,#1662,.F.);
#2788=ORIENTED_EDGE('',*,*,#2016,.F.);
#2789=ORIENTED_EDGE('',*,*,#2017,.F.);
#2790=ORIENTED_EDGE('',*,*,#1809,.T.);
#2791=ORIENTED_EDGE('',*,*,#2018,.F.);
#2792=ORIENTED_EDGE('',*,*,#2019,.T.);
#2793=ORIENTED_EDGE('',*,*,#1660,.F.);
#2794=ORIENTED_EDGE('',*,*,#2020,.F.);
#2795=ORIENTED_EDGE('',*,*,#2016,.T.);
#2796=ORIENTED_EDGE('',*,*,#1661,.F.);
#2797=ORIENTED_EDGE('',*,*,#2019,.F.);
#2798=ORIENTED_EDGE('',*,*,#1648,.F.);
#2799=ORIENTED_EDGE('',*,*,#2021,.T.);
#2800=ORIENTED_EDGE('',*,*,#1780,.F.);
#2801=ORIENTED_EDGE('',*,*,#1652,.F.);
#2802=ORIENTED_EDGE('',*,*,#1647,.F.);
#2803=ORIENTED_EDGE('',*,*,#1651,.F.);
#2804=ORIENTED_EDGE('',*,*,#1777,.F.);
#2805=ORIENTED_EDGE('',*,*,#1779,.T.);
#2806=ORIENTED_EDGE('',*,*,#1785,.F.);
#2807=ORIENTED_EDGE('',*,*,#1783,.T.);
#2808=ORIENTED_EDGE('',*,*,#1781,.F.);
#2809=ORIENTED_EDGE('',*,*,#2021,.F.);
#2810=ORIENTED_EDGE('',*,*,#1793,.T.);
#2811=ORIENTED_EDGE('',*,*,#1791,.F.);
#2812=ORIENTED_EDGE('',*,*,#1789,.T.);
#2813=ORIENTED_EDGE('',*,*,#1786,.F.);
#2814=ORIENTED_EDGE('',*,*,#1800,.T.);
#2815=ORIENTED_EDGE('',*,*,#1797,.F.);
#2816=ORIENTED_EDGE('',*,*,#2015,.T.);
#2817=ORIENTED_EDGE('',*,*,#1795,.F.);
#2818=ORIENTED_EDGE('',*,*,#2012,.T.);
#2819=ORIENTED_EDGE('',*,*,#2014,.T.);
#2820=ORIENTED_EDGE('',*,*,#2007,.T.);
#2821=ORIENTED_EDGE('',*,*,#2010,.T.);
#2822=ORIENTED_EDGE('',*,*,#2006,.T.);
#2823=ORIENTED_EDGE('',*,*,#2004,.T.);
#2824=ORIENTED_EDGE('',*,*,#2002,.T.);
#2825=ORIENTED_EDGE('',*,*,#2000,.T.);
#2826=ORIENTED_EDGE('',*,*,#1998,.T.);
#2827=ORIENTED_EDGE('',*,*,#1996,.T.);
#2828=ORIENTED_EDGE('',*,*,#1994,.T.);
#2829=ORIENTED_EDGE('',*,*,#1992,.T.);
#2830=ORIENTED_EDGE('',*,*,#1990,.T.);
#2831=ORIENTED_EDGE('',*,*,#1988,.T.);
#2832=ORIENTED_EDGE('',*,*,#1986,.T.);
#2833=ORIENTED_EDGE('',*,*,#1984,.T.);
#2834=ORIENTED_EDGE('',*,*,#1982,.T.);
#2835=ORIENTED_EDGE('',*,*,#1980,.T.);
#2836=ORIENTED_EDGE('',*,*,#1978,.T.);
#2837=ORIENTED_EDGE('',*,*,#1976,.T.);
#2838=ORIENTED_EDGE('',*,*,#1974,.T.);
#2839=ORIENTED_EDGE('',*,*,#1972,.T.);
#2840=ORIENTED_EDGE('',*,*,#1970,.T.);
#2841=ORIENTED_EDGE('',*,*,#1968,.T.);
#2842=ORIENTED_EDGE('',*,*,#1966,.T.);
#2843=ORIENTED_EDGE('',*,*,#1964,.T.);
#2844=ORIENTED_EDGE('',*,*,#1962,.T.);
#2845=ORIENTED_EDGE('',*,*,#1960,.T.);
#2846=ORIENTED_EDGE('',*,*,#1958,.T.);
#2847=ORIENTED_EDGE('',*,*,#1956,.T.);
#2848=ORIENTED_EDGE('',*,*,#1954,.T.);
#2849=ORIENTED_EDGE('',*,*,#1952,.T.);
#2850=ORIENTED_EDGE('',*,*,#1950,.T.);
#2851=ORIENTED_EDGE('',*,*,#1948,.T.);
#2852=ORIENTED_EDGE('',*,*,#1946,.T.);
#2853=ORIENTED_EDGE('',*,*,#1944,.T.);
#2854=ORIENTED_EDGE('',*,*,#1942,.T.);
#2855=ORIENTED_EDGE('',*,*,#1940,.T.);
#2856=ORIENTED_EDGE('',*,*,#1938,.T.);
#2857=ORIENTED_EDGE('',*,*,#1936,.T.);
#2858=ORIENTED_EDGE('',*,*,#1934,.T.);
#2859=ORIENTED_EDGE('',*,*,#1932,.T.);
#2860=ORIENTED_EDGE('',*,*,#1930,.T.);
#2861=ORIENTED_EDGE('',*,*,#1928,.T.);
#2862=ORIENTED_EDGE('',*,*,#1926,.T.);
#2863=ORIENTED_EDGE('',*,*,#1924,.T.);
#2864=ORIENTED_EDGE('',*,*,#1922,.T.);
#2865=ORIENTED_EDGE('',*,*,#1920,.T.);
#2866=ORIENTED_EDGE('',*,*,#1918,.T.);
#2867=ORIENTED_EDGE('',*,*,#1916,.T.);
#2868=ORIENTED_EDGE('',*,*,#1914,.T.);
#2869=ORIENTED_EDGE('',*,*,#1912,.T.);
#2870=ORIENTED_EDGE('',*,*,#1910,.T.);
#2871=ORIENTED_EDGE('',*,*,#1908,.T.);
#2872=ORIENTED_EDGE('',*,*,#1906,.T.);
#2873=ORIENTED_EDGE('',*,*,#1904,.T.);
#2874=ORIENTED_EDGE('',*,*,#1902,.T.);
#2875=ORIENTED_EDGE('',*,*,#1900,.T.);
#2876=ORIENTED_EDGE('',*,*,#1898,.T.);
#2877=ORIENTED_EDGE('',*,*,#1896,.T.);
#2878=ORIENTED_EDGE('',*,*,#1894,.T.);
#2879=ORIENTED_EDGE('',*,*,#1892,.T.);
#2880=ORIENTED_EDGE('',*,*,#1890,.T.);
#2881=ORIENTED_EDGE('',*,*,#1888,.T.);
#2882=ORIENTED_EDGE('',*,*,#1886,.T.);
#2883=ORIENTED_EDGE('',*,*,#1884,.T.);
#2884=ORIENTED_EDGE('',*,*,#1882,.T.);
#2885=ORIENTED_EDGE('',*,*,#1880,.T.);
#2886=ORIENTED_EDGE('',*,*,#1878,.T.);
#2887=ORIENTED_EDGE('',*,*,#1876,.T.);
#2888=ORIENTED_EDGE('',*,*,#1874,.T.);
#2889=ORIENTED_EDGE('',*,*,#1872,.T.);
#2890=ORIENTED_EDGE('',*,*,#1870,.T.);
#2891=ORIENTED_EDGE('',*,*,#1868,.T.);
#2892=ORIENTED_EDGE('',*,*,#1866,.T.);
#2893=ORIENTED_EDGE('',*,*,#1864,.T.);
#2894=ORIENTED_EDGE('',*,*,#1862,.T.);
#2895=ORIENTED_EDGE('',*,*,#1860,.T.);
#2896=ORIENTED_EDGE('',*,*,#1858,.T.);
#2897=ORIENTED_EDGE('',*,*,#1856,.T.);
#2898=ORIENTED_EDGE('',*,*,#1854,.T.);
#2899=ORIENTED_EDGE('',*,*,#1852,.T.);
#2900=ORIENTED_EDGE('',*,*,#1850,.T.);
#2901=ORIENTED_EDGE('',*,*,#1848,.T.);
#2902=ORIENTED_EDGE('',*,*,#1846,.T.);
#2903=ORIENTED_EDGE('',*,*,#1844,.T.);
#2904=ORIENTED_EDGE('',*,*,#1842,.T.);
#2905=ORIENTED_EDGE('',*,*,#1840,.T.);
#2906=ORIENTED_EDGE('',*,*,#1838,.T.);
#2907=ORIENTED_EDGE('',*,*,#1836,.T.);
#2908=ORIENTED_EDGE('',*,*,#1834,.T.);
#2909=ORIENTED_EDGE('',*,*,#1832,.T.);
#2910=ORIENTED_EDGE('',*,*,#1830,.T.);
#2911=ORIENTED_EDGE('',*,*,#1828,.T.);
#2912=ORIENTED_EDGE('',*,*,#1826,.T.);
#2913=ORIENTED_EDGE('',*,*,#1824,.T.);
#2914=ORIENTED_EDGE('',*,*,#1822,.T.);
#2915=ORIENTED_EDGE('',*,*,#1820,.T.);
#2916=ORIENTED_EDGE('',*,*,#1818,.T.);
#2917=ORIENTED_EDGE('',*,*,#1816,.T.);
#2918=ORIENTED_EDGE('',*,*,#1814,.T.);
#2919=ORIENTED_EDGE('',*,*,#2017,.T.);
#2920=ORIENTED_EDGE('',*,*,#2020,.T.);
#2921=ORIENTED_EDGE('',*,*,#2018,.T.);
#2922=ORIENTED_EDGE('',*,*,#1812,.T.);
#2923=ORIENTED_EDGE('',*,*,#1811,.T.);
#2924=ORIENTED_EDGE('',*,*,#1808,.T.);
#2925=ORIENTED_EDGE('',*,*,#1806,.T.);
#2926=ORIENTED_EDGE('',*,*,#1804,.T.);
#2927=ORIENTED_EDGE('',*,*,#1802,.T.);
#2928=CYLINDRICAL_SURFACE('',#3171,5.);
#2929=CYLINDRICAL_SURFACE('',#3183,5.);
#2930=CYLINDRICAL_SURFACE('',#3185,5.);
#2931=CYLINDRICAL_SURFACE('',#3192,5.);
#2932=CYLINDRICAL_SURFACE('',#3194,1.5);
#2933=CYLINDRICAL_SURFACE('',#3197,1.5);
#2934=CYLINDRICAL_SURFACE('',#3203,1.5);
#2935=CYLINDRICAL_SURFACE('',#3206,1.5);
#2936=CYLINDRICAL_SURFACE('',#3213,1.45);
#2937=CYLINDRICAL_SURFACE('',#3215,1.45);
#2938=CYLINDRICAL_SURFACE('',#3217,1.45);
#2939=CYLINDRICAL_SURFACE('',#3219,1.45);
#2940=CYLINDRICAL_SURFACE('',#3225,5.);
#2941=CYLINDRICAL_SURFACE('',#3290,5.);
#2942=CYLINDRICAL_SURFACE('',#3293,5.);
#2943=CYLINDRICAL_SURFACE('',#3296,5.);
#2944=CYLINDRICAL_SURFACE('',#3298,2.5);
#2945=CYLINDRICAL_SURFACE('',#3301,2.5);
#2946=CYLINDRICAL_SURFACE('',#3304,2.5);
#2947=CYLINDRICAL_SURFACE('',#3306,2.5);
#2948=CYLINDRICAL_SURFACE('',#3309,1.45);
#2949=CYLINDRICAL_SURFACE('',#3311,1.45);
#2950=CYLINDRICAL_SURFACE('',#3313,1.45);
#2951=CYLINDRICAL_SURFACE('',#3315,1.45);
#2952=CYLINDRICAL_SURFACE('',#3319,0.498999999999992);
#2953=CYLINDRICAL_SURFACE('',#3322,0.499000000000003);
#2954=CYLINDRICAL_SURFACE('',#3325,0.498999999999992);
#2955=CYLINDRICAL_SURFACE('',#3328,0.498999999999999);
#2956=CYLINDRICAL_SURFACE('',#3331,0.498999999999992);
#2957=CYLINDRICAL_SURFACE('',#3334,0.498999999999992);
#2958=CYLINDRICAL_SURFACE('',#3337,0.498999999999992);
#2959=CYLINDRICAL_SURFACE('',#3340,0.498999999999992);
#2960=CYLINDRICAL_SURFACE('',#3343,0.499000000000009);
#2961=CYLINDRICAL_SURFACE('',#3346,0.499000000000003);
#2962=CYLINDRICAL_SURFACE('',#3349,0.498999999999992);
#2963=CYLINDRICAL_SURFACE('',#3352,0.498999999999999);
#2964=CYLINDRICAL_SURFACE('',#3355,0.498999999999992);
#2965=CYLINDRICAL_SURFACE('',#3358,0.498999999999992);
#2966=CYLINDRICAL_SURFACE('',#3361,0.498999999999992);
#2967=CYLINDRICAL_SURFACE('',#3364,0.499000000000001);
#2968=CYLINDRICAL_SURFACE('',#3367,0.499000000000001);
#2969=CYLINDRICAL_SURFACE('',#3370,0.499000000000003);
#2970=CYLINDRICAL_SURFACE('',#3373,0.498999999999996);
#2971=CYLINDRICAL_SURFACE('',#3376,0.498999999999999);
#2972=CYLINDRICAL_SURFACE('',#3379,0.499000000000001);
#2973=CYLINDRICAL_SURFACE('',#3382,0.498999999999992);
#2974=CYLINDRICAL_SURFACE('',#3385,0.499000000000009);
#2975=CYLINDRICAL_SURFACE('',#3388,0.498999999999992);
#2976=CYLINDRICAL_SURFACE('',#3391,0.499000000000001);
#2977=CYLINDRICAL_SURFACE('',#3394,0.498999999999992);
#2978=CYLINDRICAL_SURFACE('',#3397,0.498999999999996);
#2979=CYLINDRICAL_SURFACE('',#3400,0.498999999999992);
#2980=CYLINDRICAL_SURFACE('',#3403,0.499000000000001);
#2981=CYLINDRICAL_SURFACE('',#3406,0.498999999999992);
#2982=CYLINDRICAL_SURFACE('',#3409,0.498999999999996);
#2983=CYLINDRICAL_SURFACE('',#3412,0.499000000000001);
#2984=CYLINDRICAL_SURFACE('',#3415,0.499000000000001);
#2985=CYLINDRICAL_SURFACE('',#3418,0.499000000000003);
#2986=CYLINDRICAL_SURFACE('',#3421,0.499000000000009);
#2987=CYLINDRICAL_SURFACE('',#3424,0.498999999999999);
#2988=CYLINDRICAL_SURFACE('',#3427,0.499000000000001);
#2989=CYLINDRICAL_SURFACE('',#3430,0.498999999999992);
#2990=CYLINDRICAL_SURFACE('',#3433,0.499000000000009);
#2991=CYLINDRICAL_SURFACE('',#3436,0.499000000000001);
#2992=CYLINDRICAL_SURFACE('',#3439,0.499000000000009);
#2993=CYLINDRICAL_SURFACE('',#3442,0.498999999999992);
#2994=CYLINDRICAL_SURFACE('',#3445,0.498999999999992);
#2995=CYLINDRICAL_SURFACE('',#3448,0.499000000000001);
#2996=CYLINDRICAL_SURFACE('',#3451,0.499000000000009);
#2997=CYLINDRICAL_SURFACE('',#3454,0.498999999999992);
#2998=CYLINDRICAL_SURFACE('',#3457,0.498999999999992);
#2999=CYLINDRICAL_SURFACE('',#3460,0.498999999999992);
#3000=CYLINDRICAL_SURFACE('',#3462,3.69999999999999);
#3001=ADVANCED_FACE('',(#149),#2928,.T.);
#3002=ADVANCED_FACE('',(#150,#17,#18,#19,#20,#21),#67,.T.);
#3003=ADVANCED_FACE('',(#151),#68,.T.);
#3004=ADVANCED_FACE('',(#152),#2929,.T.);
#3005=ADVANCED_FACE('',(#153),#2930,.T.);
#3006=ADVANCED_FACE('',(#154,#22),#69,.T.);
#3007=ADVANCED_FACE('',(#155),#2931,.T.);
#3008=ADVANCED_FACE('',(#156),#2932,.F.);
#3009=ADVANCED_FACE('',(#157),#70,.F.);
#3010=ADVANCED_FACE('',(#158),#2933,.F.);
#3011=ADVANCED_FACE('',(#159),#71,.F.);
#3012=ADVANCED_FACE('',(#160),#72,.T.);
#3013=ADVANCED_FACE('',(#161),#2934,.F.);
#3014=ADVANCED_FACE('',(#162),#73,.F.);
#3015=ADVANCED_FACE('',(#163),#2935,.F.);
#3016=ADVANCED_FACE('',(#164),#74,.F.);
#3017=ADVANCED_FACE('',(#165),#75,.T.);
#3018=ADVANCED_FACE('',(#166),#76,.T.);
#3019=ADVANCED_FACE('',(#167),#77,.T.);
#3020=ADVANCED_FACE('',(#168),#78,.T.);
#3021=ADVANCED_FACE('',(#169),#2936,.F.);
#3022=ADVANCED_FACE('',(#170),#2937,.F.);
#3023=ADVANCED_FACE('',(#171),#2938,.F.);
#3024=ADVANCED_FACE('',(#172),#2939,.F.);
#3025=ADVANCED_FACE('',(#173),#79,.T.);
#3026=ADVANCED_FACE('',(#174),#80,.T.);
#3027=ADVANCED_FACE('',(#175),#81,.T.);
#3028=ADVANCED_FACE('',(#176,#23,#24,#25,#26),#82,.F.);
#3029=ADVANCED_FACE('',(#177),#2940,.T.);
#3030=ADVANCED_FACE('',(#178),#83,.T.);
#3031=ADVANCED_FACE('',(#179,#27,#28,#29,#30,#31,#32,#33,#34,#35,#36,#37,
#38,#39,#40,#41,#42,#43,#44,#45,#46),#84,.T.);
#3032=ADVANCED_FACE('',(#180),#2941,.T.);
#3033=ADVANCED_FACE('',(#181),#85,.T.);
#3034=ADVANCED_FACE('',(#182),#2942,.T.);
#3035=ADVANCED_FACE('',(#183),#86,.T.);
#3036=ADVANCED_FACE('',(#184),#2943,.T.);
#3037=ADVANCED_FACE('',(#185),#2944,.F.);
#3038=ADVANCED_FACE('',(#186),#87,.T.);
#3039=ADVANCED_FACE('',(#187),#2945,.F.);
#3040=ADVANCED_FACE('',(#188),#88,.T.);
#3041=ADVANCED_FACE('',(#189),#2946,.F.);
#3042=ADVANCED_FACE('',(#190),#2947,.F.);
#3043=ADVANCED_FACE('',(#191),#89,.T.);
#3044=ADVANCED_FACE('',(#192),#2948,.F.);
#3045=ADVANCED_FACE('',(#193),#2949,.F.);
#3046=ADVANCED_FACE('',(#194),#2950,.F.);
#3047=ADVANCED_FACE('',(#195),#2951,.F.);
#3048=ADVANCED_FACE('',(#196),#90,.T.);
#3049=ADVANCED_FACE('',(#197),#91,.T.);
#3050=ADVANCED_FACE('',(#198),#2952,.F.);
#3051=ADVANCED_FACE('',(#199),#92,.T.);
#3052=ADVANCED_FACE('',(#200),#2953,.F.);
#3053=ADVANCED_FACE('',(#201),#93,.T.);
#3054=ADVANCED_FACE('',(#202),#2954,.F.);
#3055=ADVANCED_FACE('',(#203),#94,.T.);
#3056=ADVANCED_FACE('',(#204),#2955,.F.);
#3057=ADVANCED_FACE('',(#205),#95,.T.);
#3058=ADVANCED_FACE('',(#206),#2956,.F.);
#3059=ADVANCED_FACE('',(#207),#96,.T.);
#3060=ADVANCED_FACE('',(#208),#2957,.F.);
#3061=ADVANCED_FACE('',(#209),#97,.T.);
#3062=ADVANCED_FACE('',(#210),#2958,.F.);
#3063=ADVANCED_FACE('',(#211),#98,.T.);
#3064=ADVANCED_FACE('',(#212),#2959,.F.);
#3065=ADVANCED_FACE('',(#213),#99,.T.);
#3066=ADVANCED_FACE('',(#214),#2960,.F.);
#3067=ADVANCED_FACE('',(#215),#100,.T.);
#3068=ADVANCED_FACE('',(#216),#2961,.F.);
#3069=ADVANCED_FACE('',(#217),#101,.T.);
#3070=ADVANCED_FACE('',(#218),#2962,.F.);
#3071=ADVANCED_FACE('',(#219),#102,.T.);
#3072=ADVANCED_FACE('',(#220),#2963,.F.);
#3073=ADVANCED_FACE('',(#221),#103,.T.);
#3074=ADVANCED_FACE('',(#222),#2964,.F.);
#3075=ADVANCED_FACE('',(#223),#104,.T.);
#3076=ADVANCED_FACE('',(#224),#2965,.F.);
#3077=ADVANCED_FACE('',(#225),#105,.T.);
#3078=ADVANCED_FACE('',(#226),#2966,.F.);
#3079=ADVANCED_FACE('',(#227),#106,.T.);
#3080=ADVANCED_FACE('',(#228),#2967,.F.);
#3081=ADVANCED_FACE('',(#229),#107,.T.);
#3082=ADVANCED_FACE('',(#230),#2968,.F.);
#3083=ADVANCED_FACE('',(#231),#108,.T.);
#3084=ADVANCED_FACE('',(#232),#2969,.F.);
#3085=ADVANCED_FACE('',(#233),#109,.T.);
#3086=ADVANCED_FACE('',(#234),#2970,.F.);
#3087=ADVANCED_FACE('',(#235),#110,.T.);
#3088=ADVANCED_FACE('',(#236),#2971,.F.);
#3089=ADVANCED_FACE('',(#237),#111,.T.);
#3090=ADVANCED_FACE('',(#238),#2972,.F.);
#3091=ADVANCED_FACE('',(#239),#112,.T.);
#3092=ADVANCED_FACE('',(#240),#2973,.F.);
#3093=ADVANCED_FACE('',(#241),#113,.T.);
#3094=ADVANCED_FACE('',(#242),#2974,.F.);
#3095=ADVANCED_FACE('',(#243),#114,.T.);
#3096=ADVANCED_FACE('',(#244),#2975,.F.);
#3097=ADVANCED_FACE('',(#245),#115,.T.);
#3098=ADVANCED_FACE('',(#246),#2976,.F.);
#3099=ADVANCED_FACE('',(#247),#116,.T.);
#3100=ADVANCED_FACE('',(#248),#2977,.F.);
#3101=ADVANCED_FACE('',(#249),#117,.T.);
#3102=ADVANCED_FACE('',(#250),#2978,.F.);
#3103=ADVANCED_FACE('',(#251),#118,.T.);
#3104=ADVANCED_FACE('',(#252),#2979,.F.);
#3105=ADVANCED_FACE('',(#253),#119,.T.);
#3106=ADVANCED_FACE('',(#254),#2980,.F.);
#3107=ADVANCED_FACE('',(#255),#120,.T.);
#3108=ADVANCED_FACE('',(#256),#2981,.F.);
#3109=ADVANCED_FACE('',(#257),#121,.T.);
#3110=ADVANCED_FACE('',(#258),#2982,.F.);
#3111=ADVANCED_FACE('',(#259),#122,.T.);
#3112=ADVANCED_FACE('',(#260),#2983,.F.);
#3113=ADVANCED_FACE('',(#261),#123,.T.);
#3114=ADVANCED_FACE('',(#262),#2984,.F.);
#3115=ADVANCED_FACE('',(#263),#124,.T.);
#3116=ADVANCED_FACE('',(#264),#2985,.F.);
#3117=ADVANCED_FACE('',(#265),#125,.T.);
#3118=ADVANCED_FACE('',(#266),#2986,.F.);
#3119=ADVANCED_FACE('',(#267),#126,.T.);
#3120=ADVANCED_FACE('',(#268),#2987,.F.);
#3121=ADVANCED_FACE('',(#269),#127,.T.);
#3122=ADVANCED_FACE('',(#270),#2988,.F.);
#3123=ADVANCED_FACE('',(#271),#128,.T.);
#3124=ADVANCED_FACE('',(#272),#2989,.F.);
#3125=ADVANCED_FACE('',(#273),#129,.T.);
#3126=ADVANCED_FACE('',(#274),#2990,.F.);
#3127=ADVANCED_FACE('',(#275),#130,.T.);
#3128=ADVANCED_FACE('',(#276),#2991,.F.);
#3129=ADVANCED_FACE('',(#277),#131,.T.);
#3130=ADVANCED_FACE('',(#278),#2992,.F.);
#3131=ADVANCED_FACE('',(#279),#132,.T.);
#3132=ADVANCED_FACE('',(#280),#2993,.F.);
#3133=ADVANCED_FACE('',(#281),#133,.T.);
#3134=ADVANCED_FACE('',(#282),#2994,.F.);
#3135=ADVANCED_FACE('',(#283),#134,.T.);
#3136=ADVANCED_FACE('',(#284),#2995,.F.);
#3137=ADVANCED_FACE('',(#285),#135,.T.);
#3138=ADVANCED_FACE('',(#286),#2996,.F.);
#3139=ADVANCED_FACE('',(#287),#136,.T.);
#3140=ADVANCED_FACE('',(#288),#2997,.F.);
#3141=ADVANCED_FACE('',(#289),#137,.T.);
#3142=ADVANCED_FACE('',(#290),#2998,.F.);
#3143=ADVANCED_FACE('',(#291),#138,.T.);
#3144=ADVANCED_FACE('',(#292),#2999,.F.);
#3145=ADVANCED_FACE('',(#293),#3000,.F.);
#3146=ADVANCED_FACE('',(#294),#139,.F.);
#3147=ADVANCED_FACE('',(#295),#140,.F.);
#3148=ADVANCED_FACE('',(#296),#141,.F.);
#3149=ADVANCED_FACE('',(#297),#142,.F.);
#3150=ADVANCED_FACE('',(#298),#143,.T.);
#3151=ADVANCED_FACE('',(#299),#144,.T.);
#3152=ADVANCED_FACE('',(#300),#145,.T.);
#3153=ADVANCED_FACE('',(#301),#146,.T.);
#3154=ADVANCED_FACE('',(#302),#147,.T.);
#3155=ADVANCED_FACE('',(#303,#47,#48,#49,#50,#51,#52,#53,#54,#55,#56,#57,
#58,#59,#60,#61,#62,#63,#64,#65,#66),#148,.T.);
#3156=CLOSED_SHELL('',(#3001,#3002,#3003,#3004,#3005,#3006,#3007,#3008,
#3009,#3010,#3011,#3012,#3013,#3014,#3015,#3016,#3017,#3018,#3019,#3020,
#3021,#3022,#3023,#3024,#3025,#3026,#3027,#3028));
#3157=CLOSED_SHELL('',(#3029,#3030,#3031,#3032,#3033,#3034,#3035,#3036,
#3037,#3038,#3039,#3040,#3041,#3042,#3043,#3044,#3045,#3046,#3047,#3048,
#3049,#3050,#3051,#3052,#3053,#3054,#3055,#3056,#3057,#3058,#3059,#3060,
#3061,#3062,#3063,#3064,#3065,#3066,#3067,#3068,#3069,#3070,#3071,#3072,
#3073,#3074,#3075,#3076,#3077,#3078,#3079,#3080,#3081,#3082,#3083,#3084,
#3085,#3086,#3087,#3088,#3089,#3090,#3091,#3092,#3093,#3094,#3095,#3096,
#3097,#3098,#3099,#3100,#3101,#3102,#3103,#3104,#3105,#3106,#3107,#3108,
#3109,#3110,#3111,#3112,#3113,#3114,#3115,#3116,#3117,#3118,#3119,#3120,
#3121,#3122,#3123,#3124,#3125,#3126,#3127,#3128,#3129,#3130,#3131,#3132,
#3133,#3134,#3135,#3136,#3137,#3138,#3139,#3140,#3141,#3142,#3143,#3144,
#3145,#3146,#3147,#3148,#3149,#3150,#3151,#3152,#3153,#3154,#3155));
#3158=DERIVED_UNIT_ELEMENT(#3160,1.);
#3159=DERIVED_UNIT_ELEMENT(#5303,-3.);
#3160=(
MASS_UNIT()
NAMED_UNIT(*)
SI_UNIT(.KILO.,.GRAM.)
);
#3161=DERIVED_UNIT((#3158,#3159));
#3162=MEASURE_REPRESENTATION_ITEM('density measure',
POSITIVE_RATIO_MEASURE(7850.),#3161);
#3163=PROPERTY_DEFINITION_REPRESENTATION(#3168,#3165);
#3164=PROPERTY_DEFINITION_REPRESENTATION(#3169,#3166);
#3165=REPRESENTATION('material name',(#3167),#5300);
#3166=REPRESENTATION('density',(#3162),#5300);
#3167=DESCRIPTIVE_REPRESENTATION_ITEM('Steel','Steel');
#3168=PROPERTY_DEFINITION('material property','material name',#5310);
#3169=PROPERTY_DEFINITION('material property','density of part',#5310);
#3170=AXIS2_PLACEMENT_3D('',#4387,#3474,#3475);
#3171=AXIS2_PLACEMENT_3D('',#4388,#3476,#3477);
#3172=AXIS2_PLACEMENT_3D('',#4391,#3478,#3479);
#3173=AXIS2_PLACEMENT_3D('',#4395,#3481,#3482);
#3174=AXIS2_PLACEMENT_3D('',#4397,#3484,#3485);
#3175=AXIS2_PLACEMENT_3D('',#4401,#3487,#3488);
#3176=AXIS2_PLACEMENT_3D('',#4405,#3490,#3491);
#3177=AXIS2_PLACEMENT_3D('',#4409,#3493,#3494);
#3178=AXIS2_PLACEMENT_3D('',#4412,#3496,#3497);
#3179=AXIS2_PLACEMENT_3D('',#4414,#3498,#3499);
#3180=AXIS2_PLACEMENT_3D('',#4416,#3500,#3501);
#3181=AXIS2_PLACEMENT_3D('',#4418,#3502,#3503);
#3182=AXIS2_PLACEMENT_3D('',#4427,#3508,#3509);
#3183=AXIS2_PLACEMENT_3D('',#4431,#3512,#3513);
#3184=AXIS2_PLACEMENT_3D('',#4433,#3514,#3515);
#3185=AXIS2_PLACEMENT_3D('',#4435,#3517,#3518);
#3186=AXIS2_PLACEMENT_3D('',#4439,#3520,#3521);
#3187=AXIS2_PLACEMENT_3D('',#4441,#3523,#3524);
#3188=AXIS2_PLACEMENT_3D('',#4449,#3528,#3529);
#3189=AXIS2_PLACEMENT_3D('',#4453,#3531,#3532);
#3190=AXIS2_PLACEMENT_3D('',#4457,#3534,#3535);
#3191=AXIS2_PLACEMENT_3D('',#4460,#3537,#3538);
#3192=AXIS2_PLACEMENT_3D('',#4461,#3539,#3540);
#3193=AXIS2_PLACEMENT_3D('',#4463,#3541,#3542);
#3194=AXIS2_PLACEMENT_3D('',#4465,#3544,#3545);
#3195=AXIS2_PLACEMENT_3D('',#4468,#3546,#3547);
#3196=AXIS2_PLACEMENT_3D('',#4471,#3550,#3551);
#3197=AXIS2_PLACEMENT_3D('',#4475,#3554,#3555);
#3198=AXIS2_PLACEMENT_3D('',#4478,#3556,#3557);
#3199=AXIS2_PLACEMENT_3D('',#4480,#3559,#3560);
#3200=AXIS2_PLACEMENT_3D('',#4481,#3561,#3562);
#3201=AXIS2_PLACEMENT_3D('',#4485,#3565,#3566);
#3202=AXIS2_PLACEMENT_3D('',#4488,#3568,#3569);
#3203=AXIS2_PLACEMENT_3D('',#4489,#3570,#3571);
#3204=AXIS2_PLACEMENT_3D('',#4491,#3572,#3573);
#3205=AXIS2_PLACEMENT_3D('',#4493,#3575,#3576);
#3206=AXIS2_PLACEMENT_3D('',#4497,#3579,#3580);
#3207=AXIS2_PLACEMENT_3D('',#4499,#3581,#3582);
#3208=AXIS2_PLACEMENT_3D('',#4501,#3584,#3585);
#3209=AXIS2_PLACEMENT_3D('',#4503,#3587,#3588);
#3210=AXIS2_PLACEMENT_3D('',#4510,#3593,#3594);
#3211=AXIS2_PLACEMENT_3D('',#4514,#3597,#3598);
#3212=AXIS2_PLACEMENT_3D('',#4518,#3601,#3602);
#3213=AXIS2_PLACEMENT_3D('',#4520,#3604,#3605);
#3214=AXIS2_PLACEMENT_3D('',#4523,#3607,#3608);
#3215=AXIS2_PLACEMENT_3D('',#4524,#3609,#3610);
#3216=AXIS2_PLACEMENT_3D('',#4527,#3612,#3613);
#3217=AXIS2_PLACEMENT_3D('',#4528,#3614,#3615);
#3218=AXIS2_PLACEMENT_3D('',#4531,#3617,#3618);
#3219=AXIS2_PLACEMENT_3D('',#4532,#3619,#3620);
#3220=AXIS2_PLACEMENT_3D('',#4535,#3622,#3623);
#3221=AXIS2_PLACEMENT_3D('',#4536,#3624,#3625);
#3222=AXIS2_PLACEMENT_3D('',#4538,#3627,#3628);
#3223=AXIS2_PLACEMENT_3D('',#4540,#3630,#3631);
#3224=AXIS2_PLACEMENT_3D('',#4541,#3632,#3633);
#3225=AXIS2_PLACEMENT_3D('',#4542,#3634,#3635);
#3226=AXIS2_PLACEMENT_3D('',#4545,#3636,#3637);
#3227=AXIS2_PLACEMENT_3D('',#4549,#3639,#3640);
#3228=AXIS2_PLACEMENT_3D('',#4551,#3642,#3643);
#3229=AXIS2_PLACEMENT_3D('',#4557,#3647,#3648);
#3230=AXIS2_PLACEMENT_3D('',#4561,#3650,#3651);
#3231=AXIS2_PLACEMENT_3D('',#4565,#3653,#3654);
#3232=AXIS2_PLACEMENT_3D('',#4568,#3656,#3657);
#3233=AXIS2_PLACEMENT_3D('',#4588,#3667,#3668);
#3234=AXIS2_PLACEMENT_3D('',#4591,#3669,#3670);
#3235=AXIS2_PLACEMENT_3D('',#4595,#3672,#3673);
#3236=AXIS2_PLACEMENT_3D('',#4599,#3675,#3676);
#3237=AXIS2_PLACEMENT_3D('',#4603,#3678,#3679);
#3238=AXIS2_PLACEMENT_3D('',#4607,#3681,#3682);
#3239=AXIS2_PLACEMENT_3D('',#4611,#3684,#3685);
#3240=AXIS2_PLACEMENT_3D('',#4615,#3687,#3688);
#3241=AXIS2_PLACEMENT_3D('',#4619,#3690,#3691);
#3242=AXIS2_PLACEMENT_3D('',#4623,#3693,#3694);
#3243=AXIS2_PLACEMENT_3D('',#4627,#3696,#3697);
#3244=AXIS2_PLACEMENT_3D('',#4631,#3699,#3700);
#3245=AXIS2_PLACEMENT_3D('',#4635,#3702,#3703);
#3246=AXIS2_PLACEMENT_3D('',#4639,#3705,#3706);
#3247=AXIS2_PLACEMENT_3D('',#4643,#3708,#3709);
#3248=AXIS2_PLACEMENT_3D('',#4647,#3711,#3712);
#3249=AXIS2_PLACEMENT_3D('',#4651,#3714,#3715);
#3250=AXIS2_PLACEMENT_3D('',#4655,#3717,#3718);
#3251=AXIS2_PLACEMENT_3D('',#4659,#3720,#3721);
#3252=AXIS2_PLACEMENT_3D('',#4663,#3723,#3724);
#3253=AXIS2_PLACEMENT_3D('',#4667,#3726,#3727);
#3254=AXIS2_PLACEMENT_3D('',#4671,#3729,#3730);
#3255=AXIS2_PLACEMENT_3D('',#4675,#3732,#3733);
#3256=AXIS2_PLACEMENT_3D('',#4679,#3735,#3736);
#3257=AXIS2_PLACEMENT_3D('',#4683,#3738,#3739);
#3258=AXIS2_PLACEMENT_3D('',#4687,#3741,#3742);
#3259=AXIS2_PLACEMENT_3D('',#4691,#3744,#3745);
#3260=AXIS2_PLACEMENT_3D('',#4695,#3747,#3748);
#3261=AXIS2_PLACEMENT_3D('',#4699,#3750,#3751);
#3262=AXIS2_PLACEMENT_3D('',#4703,#3753,#3754);
#3263=AXIS2_PLACEMENT_3D('',#4707,#3756,#3757);
#3264=AXIS2_PLACEMENT_3D('',#4711,#3759,#3760);
#3265=AXIS2_PLACEMENT_3D('',#4715,#3762,#3763);
#3266=AXIS2_PLACEMENT_3D('',#4719,#3765,#3766);
#3267=AXIS2_PLACEMENT_3D('',#4723,#3768,#3769);
#3268=AXIS2_PLACEMENT_3D('',#4727,#3771,#3772);
#3269=AXIS2_PLACEMENT_3D('',#4731,#3774,#3775);
#3270=AXIS2_PLACEMENT_3D('',#4735,#3777,#3778);
#3271=AXIS2_PLACEMENT_3D('',#4739,#3780,#3781);
#3272=AXIS2_PLACEMENT_3D('',#4743,#3783,#3784);
#3273=AXIS2_PLACEMENT_3D('',#4747,#3786,#3787);
#3274=AXIS2_PLACEMENT_3D('',#4751,#3789,#3790);
#3275=AXIS2_PLACEMENT_3D('',#4755,#3792,#3793);
#3276=AXIS2_PLACEMENT_3D('',#4759,#3795,#3796);
#3277=AXIS2_PLACEMENT_3D('',#4763,#3798,#3799);
#3278=AXIS2_PLACEMENT_3D('',#4767,#3801,#3802);
#3279=AXIS2_PLACEMENT_3D('',#4771,#3804,#3805);
#3280=AXIS2_PLACEMENT_3D('',#4775,#3807,#3808);
#3281=AXIS2_PLACEMENT_3D('',#4779,#3810,#3811);
#3282=AXIS2_PLACEMENT_3D('',#4785,#3814,#3815);
#3283=AXIS2_PLACEMENT_3D('',#4789,#3817,#3818);
#3284=AXIS2_PLACEMENT_3D('',#4793,#3820,#3821);
#3285=AXIS2_PLACEMENT_3D('',#4796,#3823,#3824);
#3286=AXIS2_PLACEMENT_3D('',#4798,#3825,#3826);
#3287=AXIS2_PLACEMENT_3D('',#4800,#3827,#3828);
#3288=AXIS2_PLACEMENT_3D('',#4802,#3829,#3830);
#3289=AXIS2_PLACEMENT_3D('',#4804,#3831,#3832);
#3290=AXIS2_PLACEMENT_3D('',#4805,#3833,#3834);
#3291=AXIS2_PLACEMENT_3D('',#4808,#3836,#3837);
#3292=AXIS2_PLACEMENT_3D('',#4809,#3838,#3839);
#3293=AXIS2_PLACEMENT_3D('',#4813,#3842,#3843);
#3294=AXIS2_PLACEMENT_3D('',#4817,#3845,#3846);
#3295=AXIS2_PLACEMENT_3D('',#4819,#3848,#3849);
#3296=AXIS2_PLACEMENT_3D('',#4823,#3852,#3853);
#3297=AXIS2_PLACEMENT_3D('',#4824,#3854,#3855);
#3298=AXIS2_PLACEMENT_3D('',#4825,#3856,#3857);
#3299=AXIS2_PLACEMENT_3D('',#4828,#3858,#3859);
#3300=AXIS2_PLACEMENT_3D('',#4831,#3862,#3863);
#3301=AXIS2_PLACEMENT_3D('',#4835,#3866,#3867);
#3302=AXIS2_PLACEMENT_3D('',#4837,#3868,#3869);
#3303=AXIS2_PLACEMENT_3D('',#4839,#3871,#3872);
#3304=AXIS2_PLACEMENT_3D('',#4843,#3875,#3876);
#3305=AXIS2_PLACEMENT_3D('',#4845,#3877,#3878);
#3306=AXIS2_PLACEMENT_3D('',#4847,#3880,#3881);
#3307=AXIS2_PLACEMENT_3D('',#4850,#3882,#3883);
#3308=AXIS2_PLACEMENT_3D('',#4853,#3886,#3887);
#3309=AXIS2_PLACEMENT_3D('',#4855,#3889,#3890);
#3310=AXIS2_PLACEMENT_3D('',#4858,#3892,#3893);
#3311=AXIS2_PLACEMENT_3D('',#4859,#3894,#3895);
#3312=AXIS2_PLACEMENT_3D('',#4862,#3897,#3898);
#3313=AXIS2_PLACEMENT_3D('',#4863,#3899,#3900);
#3314=AXIS2_PLACEMENT_3D('',#4866,#3902,#3903);
#3315=AXIS2_PLACEMENT_3D('',#4867,#3904,#3905);
#3316=AXIS2_PLACEMENT_3D('',#4870,#3907,#3908);
#3317=AXIS2_PLACEMENT_3D('',#4871,#3909,#3910);
#3318=AXIS2_PLACEMENT_3D('',#4879,#3915,#3916);
#3319=AXIS2_PLACEMENT_3D('',#4885,#3920,#3921);
#3320=AXIS2_PLACEMENT_3D('',#4887,#3922,#3923);
#3321=AXIS2_PLACEMENT_3D('',#4889,#3925,#3926);
#3322=AXIS2_PLACEMENT_3D('',#4893,#3929,#3930);
#3323=AXIS2_PLACEMENT_3D('',#4895,#3931,#3932);
#3324=AXIS2_PLACEMENT_3D('',#4897,#3934,#3935);
#3325=AXIS2_PLACEMENT_3D('',#4901,#3938,#3939);
#3326=AXIS2_PLACEMENT_3D('',#4903,#3940,#3941);
#3327=AXIS2_PLACEMENT_3D('',#4905,#3943,#3944);
#3328=AXIS2_PLACEMENT_3D('',#4909,#3947,#3948);
#3329=AXIS2_PLACEMENT_3D('',#4910,#3949,#3950);
#3330=AXIS2_PLACEMENT_3D('',#4911,#3951,#3952);
#3331=AXIS2_PLACEMENT_3D('',#4917,#3956,#3957);
#3332=AXIS2_PLACEMENT_3D('',#4919,#3958,#3959);
#3333=AXIS2_PLACEMENT_3D('',#4921,#3961,#3962);
#3334=AXIS2_PLACEMENT_3D('',#4925,#3965,#3966);
#3335=AXIS2_PLACEMENT_3D('',#4927,#3967,#3968);
#3336=AXIS2_PLACEMENT_3D('',#4929,#3970,#3971);
#3337=AXIS2_PLACEMENT_3D('',#4933,#3974,#3975);
#3338=AXIS2_PLACEMENT_3D('',#4935,#3976,#3977);
#3339=AXIS2_PLACEMENT_3D('',#4937,#3979,#3980);
#3340=AXIS2_PLACEMENT_3D('',#4941,#3983,#3984);
#3341=AXIS2_PLACEMENT_3D('',#4942,#3985,#3986);
#3342=AXIS2_PLACEMENT_3D('',#4943,#3987,#3988);
#3343=AXIS2_PLACEMENT_3D('',#4949,#3992,#3993);
#3344=AXIS2_PLACEMENT_3D('',#4951,#3994,#3995);
#3345=AXIS2_PLACEMENT_3D('',#4953,#3997,#3998);
#3346=AXIS2_PLACEMENT_3D('',#4957,#4001,#4002);
#3347=AXIS2_PLACEMENT_3D('',#4959,#4003,#4004);
#3348=AXIS2_PLACEMENT_3D('',#4961,#4006,#4007);
#3349=AXIS2_PLACEMENT_3D('',#4965,#4010,#4011);
#3350=AXIS2_PLACEMENT_3D('',#4967,#4012,#4013);
#3351=AXIS2_PLACEMENT_3D('',#4969,#4015,#4016);
#3352=AXIS2_PLACEMENT_3D('',#4973,#4019,#4020);
#3353=AXIS2_PLACEMENT_3D('',#4974,#4021,#4022);
#3354=AXIS2_PLACEMENT_3D('',#4975,#4023,#4024);
#3355=AXIS2_PLACEMENT_3D('',#4981,#4028,#4029);
#3356=AXIS2_PLACEMENT_3D('',#4983,#4030,#4031);
#3357=AXIS2_PLACEMENT_3D('',#4985,#4033,#4034);
#3358=AXIS2_PLACEMENT_3D('',#4989,#4037,#4038);
#3359=AXIS2_PLACEMENT_3D('',#4991,#4039,#4040);
#3360=AXIS2_PLACEMENT_3D('',#4993,#4042,#4043);
#3361=AXIS2_PLACEMENT_3D('',#4997,#4046,#4047);
#3362=AXIS2_PLACEMENT_3D('',#4999,#4048,#4049);
#3363=AXIS2_PLACEMENT_3D('',#5001,#4051,#4052);
#3364=AXIS2_PLACEMENT_3D('',#5005,#4055,#4056);
#3365=AXIS2_PLACEMENT_3D('',#5006,#4057,#4058);
#3366=AXIS2_PLACEMENT_3D('',#5007,#4059,#4060);
#3367=AXIS2_PLACEMENT_3D('',#5013,#4064,#4065);
#3368=AXIS2_PLACEMENT_3D('',#5015,#4066,#4067);
#3369=AXIS2_PLACEMENT_3D('',#5017,#4069,#4070);
#3370=AXIS2_PLACEMENT_3D('',#5021,#4073,#4074);
#3371=AXIS2_PLACEMENT_3D('',#5023,#4075,#4076);
#3372=AXIS2_PLACEMENT_3D('',#5025,#4078,#4079);
#3373=AXIS2_PLACEMENT_3D('',#5029,#4082,#4083);
#3374=AXIS2_PLACEMENT_3D('',#5031,#4084,#4085);
#3375=AXIS2_PLACEMENT_3D('',#5033,#4087,#4088);
#3376=AXIS2_PLACEMENT_3D('',#5037,#4091,#4092);
#3377=AXIS2_PLACEMENT_3D('',#5038,#4093,#4094);
#3378=AXIS2_PLACEMENT_3D('',#5039,#4095,#4096);
#3379=AXIS2_PLACEMENT_3D('',#5045,#4100,#4101);
#3380=AXIS2_PLACEMENT_3D('',#5047,#4102,#4103);
#3381=AXIS2_PLACEMENT_3D('',#5049,#4105,#4106);
#3382=AXIS2_PLACEMENT_3D('',#5053,#4109,#4110);
#3383=AXIS2_PLACEMENT_3D('',#5055,#4111,#4112);
#3384=AXIS2_PLACEMENT_3D('',#5057,#4114,#4115);
#3385=AXIS2_PLACEMENT_3D('',#5061,#4118,#4119);
#3386=AXIS2_PLACEMENT_3D('',#5063,#4120,#4121);
#3387=AXIS2_PLACEMENT_3D('',#5065,#4123,#4124);
#3388=AXIS2_PLACEMENT_3D('',#5069,#4127,#4128);
#3389=AXIS2_PLACEMENT_3D('',#5070,#4129,#4130);
#3390=AXIS2_PLACEMENT_3D('',#5071,#4131,#4132);
#3391=AXIS2_PLACEMENT_3D('',#5077,#4136,#4137);
#3392=AXIS2_PLACEMENT_3D('',#5079,#4138,#4139);
#3393=AXIS2_PLACEMENT_3D('',#5081,#4141,#4142);
#3394=AXIS2_PLACEMENT_3D('',#5085,#4145,#4146);
#3395=AXIS2_PLACEMENT_3D('',#5087,#4147,#4148);
#3396=AXIS2_PLACEMENT_3D('',#5089,#4150,#4151);
#3397=AXIS2_PLACEMENT_3D('',#5093,#4154,#4155);
#3398=AXIS2_PLACEMENT_3D('',#5095,#4156,#4157);
#3399=AXIS2_PLACEMENT_3D('',#5097,#4159,#4160);
#3400=AXIS2_PLACEMENT_3D('',#5101,#4163,#4164);
#3401=AXIS2_PLACEMENT_3D('',#5102,#4165,#4166);
#3402=AXIS2_PLACEMENT_3D('',#5103,#4167,#4168);
#3403=AXIS2_PLACEMENT_3D('',#5109,#4172,#4173);
#3404=AXIS2_PLACEMENT_3D('',#5111,#4174,#4175);
#3405=AXIS2_PLACEMENT_3D('',#5113,#4177,#4178);
#3406=AXIS2_PLACEMENT_3D('',#5117,#4181,#4182);
#3407=AXIS2_PLACEMENT_3D('',#5119,#4183,#4184);
#3408=AXIS2_PLACEMENT_3D('',#5121,#4186,#4187);
#3409=AXIS2_PLACEMENT_3D('',#5125,#4190,#4191);
#3410=AXIS2_PLACEMENT_3D('',#5127,#4192,#4193);
#3411=AXIS2_PLACEMENT_3D('',#5129,#4195,#4196);
#3412=AXIS2_PLACEMENT_3D('',#5133,#4199,#4200);
#3413=AXIS2_PLACEMENT_3D('',#5134,#4201,#4202);
#3414=AXIS2_PLACEMENT_3D('',#5135,#4203,#4204);
#3415=AXIS2_PLACEMENT_3D('',#5141,#4208,#4209);
#3416=AXIS2_PLACEMENT_3D('',#5143,#4210,#4211);
#3417=AXIS2_PLACEMENT_3D('',#5145,#4213,#4214);
#3418=AXIS2_PLACEMENT_3D('',#5149,#4217,#4218);
#3419=AXIS2_PLACEMENT_3D('',#5151,#4219,#4220);
#3420=AXIS2_PLACEMENT_3D('',#5153,#4222,#4223);
#3421=AXIS2_PLACEMENT_3D('',#5157,#4226,#4227);
#3422=AXIS2_PLACEMENT_3D('',#5159,#4228,#4229);
#3423=AXIS2_PLACEMENT_3D('',#5161,#4231,#4232);
#3424=AXIS2_PLACEMENT_3D('',#5165,#4235,#4236);
#3425=AXIS2_PLACEMENT_3D('',#5166,#4237,#4238);
#3426=AXIS2_PLACEMENT_3D('',#5167,#4239,#4240);
#3427=AXIS2_PLACEMENT_3D('',#5173,#4244,#4245);
#3428=AXIS2_PLACEMENT_3D('',#5175,#4246,#4247);
#3429=AXIS2_PLACEMENT_3D('',#5177,#4249,#4250);
#3430=AXIS2_PLACEMENT_3D('',#5181,#4253,#4254);
#3431=AXIS2_PLACEMENT_3D('',#5183,#4255,#4256);
#3432=AXIS2_PLACEMENT_3D('',#5185,#4258,#4259);
#3433=AXIS2_PLACEMENT_3D('',#5189,#4262,#4263);
#3434=AXIS2_PLACEMENT_3D('',#5191,#4264,#4265);
#3435=AXIS2_PLACEMENT_3D('',#5193,#4267,#4268);
#3436=AXIS2_PLACEMENT_3D('',#5197,#4271,#4272);
#3437=AXIS2_PLACEMENT_3D('',#5198,#4273,#4274);
#3438=AXIS2_PLACEMENT_3D('',#5199,#4275,#4276);
#3439=AXIS2_PLACEMENT_3D('',#5205,#4280,#4281);
#3440=AXIS2_PLACEMENT_3D('',#5207,#4282,#4283);
#3441=AXIS2_PLACEMENT_3D('',#5209,#4285,#4286);
#3442=AXIS2_PLACEMENT_3D('',#5213,#4289,#4290);
#3443=AXIS2_PLACEMENT_3D('',#5215,#4291,#4292);
#3444=AXIS2_PLACEMENT_3D('',#5217,#4294,#4295);
#3445=AXIS2_PLACEMENT_3D('',#5221,#4298,#4299);
#3446=AXIS2_PLACEMENT_3D('',#5223,#4300,#4301);
#3447=AXIS2_PLACEMENT_3D('',#5225,#4303,#4304);
#3448=AXIS2_PLACEMENT_3D('',#5229,#4307,#4308);
#3449=AXIS2_PLACEMENT_3D('',#5230,#4309,#4310);
#3450=AXIS2_PLACEMENT_3D('',#5231,#4311,#4312);
#3451=AXIS2_PLACEMENT_3D('',#5237,#4316,#4317);
#3452=AXIS2_PLACEMENT_3D('',#5239,#4318,#4319);
#3453=AXIS2_PLACEMENT_3D('',#5241,#4321,#4322);
#3454=AXIS2_PLACEMENT_3D('',#5245,#4325,#4326);
#3455=AXIS2_PLACEMENT_3D('',#5247,#4327,#4328);
#3456=AXIS2_PLACEMENT_3D('',#5249,#4330,#4331);
#3457=AXIS2_PLACEMENT_3D('',#5253,#4334,#4335);
#3458=AXIS2_PLACEMENT_3D('',#5255,#4336,#4337);
#3459=AXIS2_PLACEMENT_3D('',#5257,#4339,#4340);
#3460=AXIS2_PLACEMENT_3D('',#5261,#4343,#4344);
#3461=AXIS2_PLACEMENT_3D('',#5262,#4345,#4346);
#3462=AXIS2_PLACEMENT_3D('',#5263,#4347,#4348);
#3463=AXIS2_PLACEMENT_3D('',#5266,#4350,#4351);
#3464=AXIS2_PLACEMENT_3D('',#5267,#4352,#4353);
#3465=AXIS2_PLACEMENT_3D('',#5273,#4357,#4358);
#3466=AXIS2_PLACEMENT_3D('',#5277,#4361,#4362);
#3467=AXIS2_PLACEMENT_3D('',#5281,#4365,#4366);
#3468=AXIS2_PLACEMENT_3D('',#5283,#4368,#4369);
#3469=AXIS2_PLACEMENT_3D('',#5285,#4371,#4372);
#3470=AXIS2_PLACEMENT_3D('',#5289,#4375,#4376);
#3471=AXIS2_PLACEMENT_3D('',#5293,#4379,#4380);
#3472=AXIS2_PLACEMENT_3D('',#5295,#4382,#4383);
#3473=AXIS2_PLACEMENT_3D('',#5297,#4385,#4386);
#3474=DIRECTION('axis',(0.,0.,1.));
#3475=DIRECTION('refdir',(1.,0.,0.));
#3476=DIRECTION('center_axis',(0.,0.,1.));
#3477=DIRECTION('ref_axis',(-0.707106781186547,-0.707106781186547,0.));
#3478=DIRECTION('center_axis',(0.,0.,-1.));
#3479=DIRECTION('ref_axis',(-0.707106781186547,-0.707106781186547,0.));
#3480=DIRECTION('',(0.,0.,-1.));
#3481=DIRECTION('center_axis',(0.,0.,1.));
#3482=DIRECTION('ref_axis',(-0.707106781186547,-0.707106781186547,0.));
#3483=DIRECTION('',(0.,0.,1.));
#3484=DIRECTION('center_axis',(0.,0.,1.));
#3485=DIRECTION('ref_axis',(1.,0.,0.));
#3486=DIRECTION('',(1.,0.,0.));
#3487=DIRECTION('center_axis',(0.,0.,-1.));
#3488=DIRECTION('ref_axis',(0.707106781186547,-0.707106781186547,0.));
#3489=DIRECTION('',(0.,1.,0.));
#3490=DIRECTION('center_axis',(0.,0.,-1.));
#3491=DIRECTION('ref_axis',(0.707106781186547,0.707106781186547,0.));
#3492=DIRECTION('',(-1.,0.,0.));
#3493=DIRECTION('center_axis',(0.,0.,-1.));
#3494=DIRECTION('ref_axis',(-0.707106781186547,0.707106781186547,0.));
#3495=DIRECTION('',(0.,-1.,0.));
#3496=DIRECTION('center_axis',(0.,0.,-1.));
#3497=DIRECTION('ref_axis',(1.,0.,0.));
#3498=DIRECTION('center_axis',(0.,0.,-1.));
#3499=DIRECTION('ref_axis',(1.,0.,0.));
#3500=DIRECTION('center_axis',(0.,0.,-1.));
#3501=DIRECTION('ref_axis',(1.,0.,0.));
#3502=DIRECTION('center_axis',(0.,0.,-1.));
#3503=DIRECTION('ref_axis',(1.,0.,0.));
#3504=DIRECTION('',(0.,1.,0.));
#3505=DIRECTION('',(1.,0.,0.));
#3506=DIRECTION('',(0.,-1.,0.));
#3507=DIRECTION('',(-1.,0.,0.));
#3508=DIRECTION('center_axis',(0.,-1.,0.));
#3509=DIRECTION('ref_axis',(1.,0.,0.));
#3510=DIRECTION('',(-1.,0.,0.));
#3511=DIRECTION('',(0.,0.,-1.));
#3512=DIRECTION('center_axis',(0.,0.,1.));
#3513=DIRECTION('ref_axis',(0.707106781186547,-0.707106781186547,0.));
#3514=DIRECTION('center_axis',(0.,0.,1.));
#3515=DIRECTION('ref_axis',(0.707106781186547,-0.707106781186547,0.));
#3516=DIRECTION('',(0.,0.,1.));
#3517=DIRECTION('center_axis',(0.,0.,1.));
#3518=DIRECTION('ref_axis',(0.707106781186547,0.707106781186547,0.));
#3519=DIRECTION('',(0.,0.,-1.));
#3520=DIRECTION('center_axis',(0.,0.,1.));
#3521=DIRECTION('ref_axis',(0.707106781186547,0.707106781186547,0.));
#3522=DIRECTION('',(0.,0.,1.));
#3523=DIRECTION('center_axis',(0.,1.,0.));
#3524=DIRECTION('ref_axis',(-1.,0.,0.));
#3525=DIRECTION('',(1.,0.,0.));
#3526=DIRECTION('',(0.,0.,-1.));
#3527=DIRECTION('',(0.,0.,1.));
#3528=DIRECTION('center_axis',(0.,1.,0.));
#3529=DIRECTION('ref_axis',(0.707106781186547,0.,0.707106781186547));
#3530=DIRECTION('',(-1.,0.,0.));
#3531=DIRECTION('center_axis',(0.,1.,0.));
#3532=DIRECTION('ref_axis',(-0.707106781186548,0.,0.707106781186547));
#3533=DIRECTION('',(0.,0.,-1.));
#3534=DIRECTION('center_axis',(0.,1.,0.));
#3535=DIRECTION('ref_axis',(-0.707106781186548,0.,-0.707106781186548));
#3536=DIRECTION('',(1.,0.,0.));
#3537=DIRECTION('center_axis',(0.,1.,0.));
#3538=DIRECTION('ref_axis',(0.707106781186547,0.,-0.707106781186548));
#3539=DIRECTION('center_axis',(0.,0.,1.));
#3540=DIRECTION('ref_axis',(-0.707106781186547,0.707106781186547,0.));
#3541=DIRECTION('center_axis',(0.,0.,1.));
#3542=DIRECTION('ref_axis',(-0.707106781186547,0.707106781186547,0.));
#3543=DIRECTION('',(0.,0.,1.));
#3544=DIRECTION('center_axis',(0.,1.,0.));
#3545=DIRECTION('ref_axis',(-0.707106781186548,0.,0.707106781186547));
#3546=DIRECTION('center_axis',(0.,-1.,0.));
#3547=DIRECTION('ref_axis',(-0.707106781186548,0.,0.707106781186547));
#3548=DIRECTION('',(0.,1.,0.));
#3549=DIRECTION('',(0.,-1.,0.));
#3550=DIRECTION('center_axis',(-1.,0.,0.));
#3551=DIRECTION('ref_axis',(0.,0.,1.));
#3552=DIRECTION('',(0.,0.,1.));
#3553=DIRECTION('',(0.,-1.,0.));
#3554=DIRECTION('center_axis',(0.,1.,0.));
#3555=DIRECTION('ref_axis',(-0.707106781186548,0.,-0.707106781186548));
#3556=DIRECTION('center_axis',(0.,1.,0.));
#3557=DIRECTION('ref_axis',(-0.707106781186548,0.,-0.707106781186548));
#3558=DIRECTION('',(0.,1.,0.));
#3559=DIRECTION('center_axis',(0.,-1.,0.));
#3560=DIRECTION('ref_axis',(-0.707106781186548,0.,-0.707106781186548));
#3561=DIRECTION('center_axis',(0.,0.,-1.));
#3562=DIRECTION('ref_axis',(-1.,0.,0.));
#3563=DIRECTION('',(1.,0.,0.));
#3564=DIRECTION('',(0.,-1.,0.));
#3565=DIRECTION('center_axis',(0.,1.,0.));
#3566=DIRECTION('ref_axis',(1.,0.,0.));
#3567=DIRECTION('',(-1.,0.,0.));
#3568=DIRECTION('center_axis',(0.,1.,0.));
#3569=DIRECTION('ref_axis',(0.707106781186547,0.,-0.707106781186548));
#3570=DIRECTION('center_axis',(0.,1.,0.));
#3571=DIRECTION('ref_axis',(0.707106781186547,0.,-0.707106781186548));
#3572=DIRECTION('center_axis',(0.,-1.,0.));
#3573=DIRECTION('ref_axis',(0.707106781186547,0.,-0.707106781186548));
#3574=DIRECTION('',(0.,1.,0.));
#3575=DIRECTION('center_axis',(1.,0.,0.));
#3576=DIRECTION('ref_axis',(0.,0.,-1.));
#3577=DIRECTION('',(0.,0.,-1.));
#3578=DIRECTION('',(0.,-1.,0.));
#3579=DIRECTION('center_axis',(0.,1.,0.));
#3580=DIRECTION('ref_axis',(0.707106781186547,0.,0.707106781186547));
#3581=DIRECTION('center_axis',(0.,-1.,0.));
#3582=DIRECTION('ref_axis',(0.707106781186547,0.,0.707106781186547));
#3583=DIRECTION('',(0.,1.,0.));
#3584=DIRECTION('center_axis',(0.,0.,1.));
#3585=DIRECTION('ref_axis',(1.,0.,0.));
#3586=DIRECTION('',(1.,0.,0.));
#3587=DIRECTION('center_axis',(0.,-1.,0.));
#3588=DIRECTION('ref_axis',(1.,0.,0.));
#3589=DIRECTION('',(-1.,0.,0.));
#3590=DIRECTION('',(0.,0.,1.));
#3591=DIRECTION('',(0.,0.,1.));
#3592=DIRECTION('',(-1.,0.,0.));
#3593=DIRECTION('center_axis',(-1.,0.,0.));
#3594=DIRECTION('ref_axis',(0.,-1.,0.));
#3595=DIRECTION('',(0.,1.,0.));
#3596=DIRECTION('',(0.,0.,1.));
#3597=DIRECTION('center_axis',(0.,1.,0.));
#3598=DIRECTION('ref_axis',(-1.,0.,0.));
#3599=DIRECTION('',(1.,0.,0.));
#3600=DIRECTION('',(0.,0.,1.));
#3601=DIRECTION('center_axis',(1.,0.,0.));
#3602=DIRECTION('ref_axis',(0.,1.,0.));
#3603=DIRECTION('',(0.,-1.,0.));
#3604=DIRECTION('center_axis',(0.,0.,1.));
#3605=DIRECTION('ref_axis',(1.,0.,0.));
#3606=DIRECTION('',(0.,0.,-1.));
#3607=DIRECTION('center_axis',(0.,0.,-1.));
#3608=DIRECTION('ref_axis',(1.,0.,0.));
#3609=DIRECTION('center_axis',(0.,0.,1.));
#3610=DIRECTION('ref_axis',(1.,0.,0.));
#3611=DIRECTION('',(0.,0.,-1.));
#3612=DIRECTION('center_axis',(0.,0.,-1.));
#3613=DIRECTION('ref_axis',(1.,0.,0.));
#3614=DIRECTION('center_axis',(0.,0.,1.));
#3615=DIRECTION('ref_axis',(1.,0.,0.));
#3616=DIRECTION('',(0.,0.,-1.));
#3617=DIRECTION('center_axis',(0.,0.,-1.));
#3618=DIRECTION('ref_axis',(1.,0.,0.));
#3619=DIRECTION('center_axis',(0.,0.,1.));
#3620=DIRECTION('ref_axis',(1.,0.,0.));
#3621=DIRECTION('',(0.,0.,-1.));
#3622=DIRECTION('center_axis',(0.,0.,-1.));
#3623=DIRECTION('ref_axis',(1.,0.,0.));
#3624=DIRECTION('center_axis',(-1.,0.,0.));
#3625=DIRECTION('ref_axis',(0.,-1.,0.));
#3626=DIRECTION('',(0.,1.,0.));
#3627=DIRECTION('center_axis',(1.,0.,0.));
#3628=DIRECTION('ref_axis',(0.,1.,0.));
#3629=DIRECTION('',(0.,-1.,0.));
#3630=DIRECTION('center_axis',(0.,0.,1.));
#3631=DIRECTION('ref_axis',(1.,0.,0.));
#3632=DIRECTION('center_axis',(0.,0.,1.));
#3633=DIRECTION('ref_axis',(1.,0.,0.));
#3634=DIRECTION('center_axis',(0.,0.,-1.));
#3635=DIRECTION('ref_axis',(-0.707106781186547,-0.707106781186547,0.));
#3636=DIRECTION('center_axis',(0.,0.,1.));
#3637=DIRECTION('ref_axis',(-0.707106781186547,-0.707106781186547,0.));
#3638=DIRECTION('',(0.,0.,1.));
#3639=DIRECTION('center_axis',(0.,0.,-1.));
#3640=DIRECTION('ref_axis',(-0.707106781186547,-0.707106781186547,0.));
#3641=DIRECTION('',(0.,0.,-1.));
#3642=DIRECTION('center_axis',(0.,-1.,0.));
#3643=DIRECTION('ref_axis',(-1.,0.,0.));
#3644=DIRECTION('',(-1.,0.,0.));
#3645=DIRECTION('',(0.,0.,-1.));
#3646=DIRECTION('',(-1.,0.,0.));
#3647=DIRECTION('center_axis',(0.,0.,-1.));
#3648=DIRECTION('ref_axis',(-1.,0.,0.));
#3649=DIRECTION('',(0.,1.,0.));
#3650=DIRECTION('center_axis',(0.,0.,1.));
#3651=DIRECTION('ref_axis',(-0.707106781186547,0.707106781186547,0.));
#3652=DIRECTION('',(1.,0.,0.));
#3653=DIRECTION('center_axis',(0.,0.,1.));
#3654=DIRECTION('ref_axis',(0.707106781186547,0.707106781186547,0.));
#3655=DIRECTION('',(0.,-1.,0.));
#3656=DIRECTION('center_axis',(0.,0.,1.));
#3657=DIRECTION('ref_axis',(0.707106781186547,-0.707106781186547,0.));
#3658=DIRECTION('',(0.,1.,0.));
#3659=DIRECTION('',(0.,1.,0.));
#3660=DIRECTION('',(1.,0.,0.));
#3661=DIRECTION('',(0.,1.,0.));
#3662=DIRECTION('',(-1.,0.,0.));
#3663=DIRECTION('',(0.,-1.,0.));
#3664=DIRECTION('',(1.,-9.70547373549473E-33,0.));
#3665=DIRECTION('',(0.,1.,0.));
#3666=DIRECTION('',(-1.,0.,0.));
#3667=DIRECTION('center_axis',(0.,0.,1.));
#3668=DIRECTION('ref_axis',(1.,0.,0.));
#3669=DIRECTION('center_axis',(0.,0.,-1.));
#3670=DIRECTION('ref_axis',(0.,1.,0.));
#3671=DIRECTION('',(0.,1.,0.));
#3672=DIRECTION('center_axis',(0.,0.,-1.));
#3673=DIRECTION('ref_axis',(-1.,0.,0.));
#3674=DIRECTION('',(-1.,0.,0.));
#3675=DIRECTION('center_axis',(0.,0.,-1.));
#3676=DIRECTION('ref_axis',(1.77991667274577E-14,-1.,0.));
#3677=DIRECTION('',(0.,-1.,0.));
#3678=DIRECTION('center_axis',(0.,0.,-1.));
#3679=DIRECTION('ref_axis',(1.,0.,0.));
#3680=DIRECTION('',(1.,0.,0.));
#3681=DIRECTION('center_axis',(0.,0.,-1.));
#3682=DIRECTION('ref_axis',(0.,1.,0.));
#3683=DIRECTION('',(0.,1.,0.));
#3684=DIRECTION('center_axis',(0.,0.,-1.));
#3685=DIRECTION('ref_axis',(-1.,0.,0.));
#3686=DIRECTION('',(-1.,0.,0.));
#3687=DIRECTION('center_axis',(0.,0.,-1.));
#3688=DIRECTION('ref_axis',(1.77991667274577E-14,-1.,0.));
#3689=DIRECTION('',(0.,-1.,0.));
#3690=DIRECTION('center_axis',(0.,0.,-1.));
#3691=DIRECTION('ref_axis',(1.,0.,0.));
#3692=DIRECTION('',(1.,0.,0.));
#3693=DIRECTION('center_axis',(0.,0.,-1.));
#3694=DIRECTION('ref_axis',(0.,1.,0.));
#3695=DIRECTION('',(0.,1.,0.));
#3696=DIRECTION('center_axis',(0.,0.,-1.));
#3697=DIRECTION('ref_axis',(-1.,0.,0.));
#3698=DIRECTION('',(-1.,0.,0.));
#3699=DIRECTION('center_axis',(0.,0.,-1.));
#3700=DIRECTION('ref_axis',(0.,-1.,0.));
#3701=DIRECTION('',(0.,-1.,0.));
#3702=DIRECTION('center_axis',(0.,0.,-1.));
#3703=DIRECTION('ref_axis',(1.,0.,0.));
#3704=DIRECTION('',(1.,0.,0.));
#3705=DIRECTION('center_axis',(0.,0.,-1.));
#3706=DIRECTION('ref_axis',(0.,1.,0.));
#3707=DIRECTION('',(0.,1.,0.));
#3708=DIRECTION('center_axis',(0.,0.,-1.));
#3709=DIRECTION('ref_axis',(-1.,0.,0.));
#3710=DIRECTION('',(-1.,0.,0.));
#3711=DIRECTION('center_axis',(0.,0.,-1.));
#3712=DIRECTION('ref_axis',(0.,-1.,0.));
#3713=DIRECTION('',(0.,-1.,0.));
#3714=DIRECTION('center_axis',(0.,0.,-1.));
#3715=DIRECTION('ref_axis',(1.,0.,0.));
#3716=DIRECTION('',(1.,0.,0.));
#3717=DIRECTION('center_axis',(0.,0.,-1.));
#3718=DIRECTION('ref_axis',(0.,1.,0.));
#3719=DIRECTION('',(0.,1.,0.));
#3720=DIRECTION('center_axis',(0.,0.,-1.));
#3721=DIRECTION('ref_axis',(-1.,0.,0.));
#3722=DIRECTION('',(-1.,0.,0.));
#3723=DIRECTION('center_axis',(0.,0.,-1.));
#3724=DIRECTION('ref_axis',(0.,-1.,0.));
#3725=DIRECTION('',(0.,-1.,0.));
#3726=DIRECTION('center_axis',(0.,0.,-1.));
#3727=DIRECTION('ref_axis',(1.,0.,0.));
#3728=DIRECTION('',(1.,0.,0.));
#3729=DIRECTION('center_axis',(0.,0.,-1.));
#3730=DIRECTION('ref_axis',(0.,1.,0.));
#3731=DIRECTION('',(0.,1.,0.));
#3732=DIRECTION('center_axis',(0.,0.,-1.));
#3733=DIRECTION('ref_axis',(-1.,0.,0.));
#3734=DIRECTION('',(-1.,0.,0.));
#3735=DIRECTION('center_axis',(0.,0.,-1.));
#3736=DIRECTION('ref_axis',(0.,-1.,0.));
#3737=DIRECTION('',(0.,-1.,0.));
#3738=DIRECTION('center_axis',(0.,0.,-1.));
#3739=DIRECTION('ref_axis',(1.,0.,0.));
#3740=DIRECTION('',(1.,0.,0.));
#3741=DIRECTION('center_axis',(0.,0.,-1.));
#3742=DIRECTION('ref_axis',(0.,1.,0.));
#3743=DIRECTION('',(0.,1.,0.));
#3744=DIRECTION('center_axis',(0.,0.,-1.));
#3745=DIRECTION('ref_axis',(-1.,0.,0.));
#3746=DIRECTION('',(-1.,0.,0.));
#3747=DIRECTION('center_axis',(0.,0.,-1.));
#3748=DIRECTION('ref_axis',(0.,-1.,0.));
#3749=DIRECTION('',(0.,-1.,0.));
#3750=DIRECTION('center_axis',(0.,0.,-1.));
#3751=DIRECTION('ref_axis',(1.,0.,0.));
#3752=DIRECTION('',(1.,0.,0.));
#3753=DIRECTION('center_axis',(0.,0.,-1.));
#3754=DIRECTION('ref_axis',(0.,1.,0.));
#3755=DIRECTION('',(0.,1.,0.));
#3756=DIRECTION('center_axis',(0.,0.,-1.));
#3757=DIRECTION('ref_axis',(-1.,0.,0.));
#3758=DIRECTION('',(-1.,0.,0.));
#3759=DIRECTION('center_axis',(0.,0.,-1.));
#3760=DIRECTION('ref_axis',(0.,-1.,0.));
#3761=DIRECTION('',(0.,-1.,0.));
#3762=DIRECTION('center_axis',(0.,0.,-1.));
#3763=DIRECTION('ref_axis',(1.,0.,0.));
#3764=DIRECTION('',(1.,0.,0.));
#3765=DIRECTION('center_axis',(0.,0.,-1.));
#3766=DIRECTION('ref_axis',(0.,1.,0.));
#3767=DIRECTION('',(0.,1.,0.));
#3768=DIRECTION('center_axis',(0.,0.,-1.));
#3769=DIRECTION('ref_axis',(-1.,0.,0.));
#3770=DIRECTION('',(-1.,0.,0.));
#3771=DIRECTION('center_axis',(0.,0.,-1.));
#3772=DIRECTION('ref_axis',(0.,-1.,0.));
#3773=DIRECTION('',(0.,-1.,0.));
#3774=DIRECTION('center_axis',(0.,0.,-1.));
#3775=DIRECTION('ref_axis',(1.,0.,0.));
#3776=DIRECTION('',(1.,0.,0.));
#3777=DIRECTION('center_axis',(0.,0.,-1.));
#3778=DIRECTION('ref_axis',(0.,1.,0.));
#3779=DIRECTION('',(0.,1.,0.));
#3780=DIRECTION('center_axis',(0.,0.,-1.));
#3781=DIRECTION('ref_axis',(-1.,0.,0.));
#3782=DIRECTION('',(-1.,0.,0.));
#3783=DIRECTION('center_axis',(0.,0.,-1.));
#3784=DIRECTION('ref_axis',(1.77991667274573E-14,-1.,0.));
#3785=DIRECTION('',(0.,-1.,0.));
#3786=DIRECTION('center_axis',(0.,0.,-1.));
#3787=DIRECTION('ref_axis',(1.,0.,0.));
#3788=DIRECTION('',(1.,0.,0.));
#3789=DIRECTION('center_axis',(0.,0.,-1.));
#3790=DIRECTION('ref_axis',(0.,1.,0.));
#3791=DIRECTION('',(0.,1.,0.));
#3792=DIRECTION('center_axis',(0.,0.,-1.));
#3793=DIRECTION('ref_axis',(-1.,0.,0.));
#3794=DIRECTION('',(-1.,0.,0.));
#3795=DIRECTION('center_axis',(0.,0.,-1.));
#3796=DIRECTION('ref_axis',(0.,-1.,0.));
#3797=DIRECTION('',(0.,-1.,0.));
#3798=DIRECTION('center_axis',(0.,0.,-1.));
#3799=DIRECTION('ref_axis',(1.,0.,0.));
#3800=DIRECTION('',(1.,0.,0.));
#3801=DIRECTION('center_axis',(0.,0.,-1.));
#3802=DIRECTION('ref_axis',(0.,1.,0.));
#3803=DIRECTION('',(0.,1.,0.));
#3804=DIRECTION('center_axis',(0.,0.,-1.));
#3805=DIRECTION('ref_axis',(-1.,0.,0.));
#3806=DIRECTION('',(-1.,0.,0.));
#3807=DIRECTION('center_axis',(0.,0.,-1.));
#3808=DIRECTION('ref_axis',(0.,-1.,0.));
#3809=DIRECTION('',(0.,-1.,0.));
#3810=DIRECTION('center_axis',(0.,0.,-1.));
#3811=DIRECTION('ref_axis',(1.,0.,0.));
#3812=DIRECTION('',(1.,0.,0.));
#3813=DIRECTION('',(-1.,0.,0.));
#3814=DIRECTION('center_axis',(0.,0.,-1.));
#3815=DIRECTION('ref_axis',(-0.707106781186547,0.707106781186547,0.));
#3816=DIRECTION('',(0.,-1.,0.));
#3817=DIRECTION('center_axis',(0.,0.,-1.));
#3818=DIRECTION('ref_axis',(-0.707106781186547,-0.707106781186547,0.));
#3819=DIRECTION('',(1.,0.,0.));
#3820=DIRECTION('center_axis',(0.,0.,-1.));
#3821=DIRECTION('ref_axis',(0.707106781186547,-0.707106781186547,0.));
#3822=DIRECTION('',(0.,-1.,0.));
#3823=DIRECTION('center_axis',(0.,0.,-1.));
#3824=DIRECTION('ref_axis',(0.707106781186547,0.707106781186547,0.));
#3825=DIRECTION('center_axis',(0.,0.,1.));
#3826=DIRECTION('ref_axis',(1.,0.,0.));
#3827=DIRECTION('center_axis',(0.,0.,1.));
#3828=DIRECTION('ref_axis',(1.,0.,0.));
#3829=DIRECTION('center_axis',(0.,0.,1.));
#3830=DIRECTION('ref_axis',(1.,0.,0.));
#3831=DIRECTION('center_axis',(0.,0.,1.));
#3832=DIRECTION('ref_axis',(1.,0.,0.));
#3833=DIRECTION('center_axis',(0.,0.,-1.));
#3834=DIRECTION('ref_axis',(0.707106781186547,-0.707106781186547,0.));
#3835=DIRECTION('',(0.,0.,1.));
#3836=DIRECTION('center_axis',(0.,0.,-1.));
#3837=DIRECTION('ref_axis',(0.707106781186547,-0.707106781186547,0.));
#3838=DIRECTION('center_axis',(1.,0.,0.));
#3839=DIRECTION('ref_axis',(0.,-1.,0.));
#3840=DIRECTION('',(0.,0.,-1.));
#3841=DIRECTION('',(0.,1.,0.));
#3842=DIRECTION('center_axis',(0.,0.,-1.));
#3843=DIRECTION('ref_axis',(-0.707106781186547,0.707106781186547,0.));
#3844=DIRECTION('',(0.,0.,1.));
#3845=DIRECTION('center_axis',(0.,0.,-1.));
#3846=DIRECTION('ref_axis',(-0.707106781186547,0.707106781186547,0.));
#3847=DIRECTION('',(0.,0.,-1.));
#3848=DIRECTION('center_axis',(0.,1.,0.));
#3849=DIRECTION('ref_axis',(1.,0.,0.));
#3850=DIRECTION('',(-1.,0.,0.));
#3851=DIRECTION('',(0.,0.,1.));
#3852=DIRECTION('center_axis',(0.,0.,-1.));
#3853=DIRECTION('ref_axis',(0.707106781186547,0.707106781186547,0.));
#3854=DIRECTION('center_axis',(0.,0.,-1.));
#3855=DIRECTION('ref_axis',(0.707106781186547,0.707106781186547,0.));
#3856=DIRECTION('center_axis',(0.,0.,-1.));
#3857=DIRECTION('ref_axis',(-0.707106781186547,-0.707106781186547,0.));
#3858=DIRECTION('center_axis',(0.,0.,1.));
#3859=DIRECTION('ref_axis',(-0.707106781186547,-0.707106781186547,0.));
#3860=DIRECTION('',(0.,0.,-1.));
#3861=DIRECTION('',(0.,0.,1.));
#3862=DIRECTION('center_axis',(0.,1.,0.));
#3863=DIRECTION('ref_axis',(1.,0.,0.));
#3864=DIRECTION('',(-1.,0.,0.));
#3865=DIRECTION('',(0.,0.,1.));
#3866=DIRECTION('center_axis',(0.,0.,-1.));
#3867=DIRECTION('ref_axis',(0.707106781186547,-0.707106781186547,0.));
#3868=DIRECTION('center_axis',(0.,0.,1.));
#3869=DIRECTION('ref_axis',(0.707106781186547,-0.707106781186547,0.));
#3870=DIRECTION('',(0.,0.,-1.));
#3871=DIRECTION('center_axis',(-1.,0.,0.));
#3872=DIRECTION('ref_axis',(0.,-1.,0.));
#3873=DIRECTION('',(0.,-1.,0.));
#3874=DIRECTION('',(0.,0.,1.));
#3875=DIRECTION('center_axis',(0.,0.,1.));
#3876=DIRECTION('ref_axis',(0.707106781186547,0.707106781186547,0.));
#3877=DIRECTION('center_axis',(0.,0.,1.));
#3878=DIRECTION('ref_axis',(0.707106781186547,0.707106781186547,0.));
#3879=DIRECTION('',(0.,0.,-1.));
#3880=DIRECTION('center_axis',(0.,0.,-1.));
#3881=DIRECTION('ref_axis',(-0.707106781186547,0.707106781186547,0.));
#3882=DIRECTION('center_axis',(0.,0.,1.));
#3883=DIRECTION('ref_axis',(-0.707106781186547,0.707106781186547,0.));
#3884=DIRECTION('',(0.,0.,-1.));
#3885=DIRECTION('',(0.,0.,1.));
#3886=DIRECTION('center_axis',(1.,0.,0.));
#3887=DIRECTION('ref_axis',(0.,-1.,0.));
#3888=DIRECTION('',(0.,1.,0.));
#3889=DIRECTION('center_axis',(0.,0.,1.));
#3890=DIRECTION('ref_axis',(1.,0.,0.));
#3891=DIRECTION('',(0.,0.,1.));
#3892=DIRECTION('center_axis',(0.,0.,-1.));
#3893=DIRECTION('ref_axis',(1.,0.,0.));
#3894=DIRECTION('center_axis',(0.,0.,1.));
#3895=DIRECTION('ref_axis',(1.,0.,0.));
#3896=DIRECTION('',(0.,0.,1.));
#3897=DIRECTION('center_axis',(0.,0.,-1.));
#3898=DIRECTION('ref_axis',(1.,0.,0.));
#3899=DIRECTION('center_axis',(0.,0.,1.));
#3900=DIRECTION('ref_axis',(1.,0.,0.));
#3901=DIRECTION('',(0.,0.,1.));
#3902=DIRECTION('center_axis',(0.,0.,-1.));
#3903=DIRECTION('ref_axis',(1.,0.,0.));
#3904=DIRECTION('center_axis',(0.,0.,1.));
#3905=DIRECTION('ref_axis',(1.,0.,0.));
#3906=DIRECTION('',(0.,0.,1.));
#3907=DIRECTION('center_axis',(0.,0.,-1.));
#3908=DIRECTION('ref_axis',(1.,0.,0.));
#3909=DIRECTION('center_axis',(1.,0.,0.));
#3910=DIRECTION('ref_axis',(0.,1.,0.));
#3911=DIRECTION('',(0.,0.,1.));
#3912=DIRECTION('',(0.,0.,-1.));
#3913=DIRECTION('',(0.,1.,0.));
#3914=DIRECTION('',(0.,1.,0.));
#3915=DIRECTION('center_axis',(1.,0.,0.));
#3916=DIRECTION('ref_axis',(0.,1.,0.));
#3917=DIRECTION('',(0.,0.,1.));
#3918=DIRECTION('',(0.,1.,0.));
#3919=DIRECTION('',(0.,0.,1.));
#3920=DIRECTION('center_axis',(0.,0.,1.));
#3921=DIRECTION('ref_axis',(-1.,0.,0.));
#3922=DIRECTION('center_axis',(0.,0.,-1.));
#3923=DIRECTION('ref_axis',(-1.,0.,0.));
#3924=DIRECTION('',(0.,0.,1.));
#3925=DIRECTION('center_axis',(0.,1.,0.));
#3926=DIRECTION('ref_axis',(-1.,0.,0.));
#3927=DIRECTION('',(-1.,0.,0.));
#3928=DIRECTION('',(0.,0.,1.));
#3929=DIRECTION('center_axis',(0.,0.,1.));
#3930=DIRECTION('ref_axis',(0.,-1.,0.));
#3931=DIRECTION('center_axis',(0.,0.,-1.));
#3932=DIRECTION('ref_axis',(0.,-1.,0.));
#3933=DIRECTION('',(0.,0.,1.));
#3934=DIRECTION('center_axis',(-1.,0.,0.));
#3935=DIRECTION('ref_axis',(0.,-1.,0.));
#3936=DIRECTION('',(0.,-1.,0.));
#3937=DIRECTION('',(0.,0.,1.));
#3938=DIRECTION('center_axis',(0.,0.,1.));
#3939=DIRECTION('ref_axis',(1.,0.,0.));
#3940=DIRECTION('center_axis',(0.,0.,-1.));
#3941=DIRECTION('ref_axis',(1.,0.,0.));
#3942=DIRECTION('',(0.,0.,1.));
#3943=DIRECTION('center_axis',(0.,-1.,0.));
#3944=DIRECTION('ref_axis',(1.,0.,0.));
#3945=DIRECTION('',(1.,0.,0.));
#3946=DIRECTION('',(0.,0.,1.));
#3947=DIRECTION('center_axis',(0.,0.,1.));
#3948=DIRECTION('ref_axis',(0.,1.,0.));
#3949=DIRECTION('center_axis',(0.,0.,-1.));
#3950=DIRECTION('ref_axis',(0.,1.,0.));
#3951=DIRECTION('center_axis',(1.,0.,0.));
#3952=DIRECTION('ref_axis',(0.,1.,0.));
#3953=DIRECTION('',(0.,0.,1.));
#3954=DIRECTION('',(0.,1.,0.));
#3955=DIRECTION('',(0.,0.,1.));
#3956=DIRECTION('center_axis',(0.,0.,1.));
#3957=DIRECTION('ref_axis',(-1.,0.,0.));
#3958=DIRECTION('center_axis',(0.,0.,-1.));
#3959=DIRECTION('ref_axis',(-1.,0.,0.));
#3960=DIRECTION('',(0.,0.,1.));
#3961=DIRECTION('center_axis',(0.,1.,0.));
#3962=DIRECTION('ref_axis',(-1.,0.,0.));
#3963=DIRECTION('',(-1.,0.,0.));
#3964=DIRECTION('',(0.,0.,1.));
#3965=DIRECTION('center_axis',(0.,0.,1.));
#3966=DIRECTION('ref_axis',(0.,-1.,0.));
#3967=DIRECTION('center_axis',(0.,0.,-1.));
#3968=DIRECTION('ref_axis',(0.,-1.,0.));
#3969=DIRECTION('',(0.,0.,1.));
#3970=DIRECTION('center_axis',(-1.,0.,0.));
#3971=DIRECTION('ref_axis',(0.,-1.,0.));
#3972=DIRECTION('',(0.,-1.,0.));
#3973=DIRECTION('',(0.,0.,1.));
#3974=DIRECTION('center_axis',(0.,0.,1.));
#3975=DIRECTION('ref_axis',(1.,0.,0.));
#3976=DIRECTION('center_axis',(0.,0.,-1.));
#3977=DIRECTION('ref_axis',(1.,0.,0.));
#3978=DIRECTION('',(0.,0.,1.));
#3979=DIRECTION('center_axis',(0.,-1.,0.));
#3980=DIRECTION('ref_axis',(1.,0.,0.));
#3981=DIRECTION('',(1.,0.,0.));
#3982=DIRECTION('',(0.,0.,1.));
#3983=DIRECTION('center_axis',(0.,0.,1.));
#3984=DIRECTION('ref_axis',(0.,1.,0.));
#3985=DIRECTION('center_axis',(0.,0.,-1.));
#3986=DIRECTION('ref_axis',(0.,1.,0.));
#3987=DIRECTION('center_axis',(1.,0.,0.));
#3988=DIRECTION('ref_axis',(0.,1.,0.));
#3989=DIRECTION('',(0.,0.,1.));
#3990=DIRECTION('',(0.,1.,0.));
#3991=DIRECTION('',(0.,0.,1.));
#3992=DIRECTION('center_axis',(0.,0.,1.));
#3993=DIRECTION('ref_axis',(-1.,0.,0.));
#3994=DIRECTION('center_axis',(0.,0.,-1.));
#3995=DIRECTION('ref_axis',(-1.,0.,0.));
#3996=DIRECTION('',(0.,0.,1.));
#3997=DIRECTION('center_axis',(0.,1.,0.));
#3998=DIRECTION('ref_axis',(-1.,0.,0.));
#3999=DIRECTION('',(-1.,0.,0.));
#4000=DIRECTION('',(0.,0.,1.));
#4001=DIRECTION('center_axis',(0.,0.,1.));
#4002=DIRECTION('ref_axis',(1.77991667274573E-14,-1.,0.));
#4003=DIRECTION('center_axis',(0.,0.,-1.));
#4004=DIRECTION('ref_axis',(1.77991667274573E-14,-1.,0.));
#4005=DIRECTION('',(0.,0.,1.));
#4006=DIRECTION('center_axis',(-1.,0.,0.));
#4007=DIRECTION('ref_axis',(0.,-1.,0.));
#4008=DIRECTION('',(0.,-1.,0.));
#4009=DIRECTION('',(0.,0.,1.));
#4010=DIRECTION('center_axis',(0.,0.,1.));
#4011=DIRECTION('ref_axis',(1.,0.,0.));
#4012=DIRECTION('center_axis',(0.,0.,-1.));
#4013=DIRECTION('ref_axis',(1.,0.,0.));
#4014=DIRECTION('',(0.,0.,1.));
#4015=DIRECTION('center_axis',(0.,-1.,0.));
#4016=DIRECTION('ref_axis',(1.,0.,0.));
#4017=DIRECTION('',(1.,0.,0.));
#4018=DIRECTION('',(0.,0.,1.));
#4019=DIRECTION('center_axis',(0.,0.,1.));
#4020=DIRECTION('ref_axis',(0.,1.,0.));
#4021=DIRECTION('center_axis',(0.,0.,-1.));
#4022=DIRECTION('ref_axis',(0.,1.,0.));
#4023=DIRECTION('center_axis',(1.,0.,0.));
#4024=DIRECTION('ref_axis',(0.,1.,0.));
#4025=DIRECTION('',(0.,0.,1.));
#4026=DIRECTION('',(0.,1.,0.));
#4027=DIRECTION('',(0.,0.,1.));
#4028=DIRECTION('center_axis',(0.,0.,1.));
#4029=DIRECTION('ref_axis',(-1.,0.,0.));
#4030=DIRECTION('center_axis',(0.,0.,-1.));
#4031=DIRECTION('ref_axis',(-1.,0.,0.));
#4032=DIRECTION('',(0.,0.,1.));
#4033=DIRECTION('center_axis',(0.,1.,0.));
#4034=DIRECTION('ref_axis',(-1.,0.,0.));
#4035=DIRECTION('',(-1.,0.,0.));
#4036=DIRECTION('',(0.,0.,1.));
#4037=DIRECTION('center_axis',(0.,0.,1.));
#4038=DIRECTION('ref_axis',(0.,-1.,0.));
#4039=DIRECTION('center_axis',(0.,0.,-1.));
#4040=DIRECTION('ref_axis',(0.,-1.,0.));
#4041=DIRECTION('',(0.,0.,1.));
#4042=DIRECTION('center_axis',(-1.,0.,0.));
#4043=DIRECTION('ref_axis',(0.,-1.,0.));
#4044=DIRECTION('',(0.,-1.,0.));
#4045=DIRECTION('',(0.,0.,1.));
#4046=DIRECTION('center_axis',(0.,0.,1.));
#4047=DIRECTION('ref_axis',(1.,0.,0.));
#4048=DIRECTION('center_axis',(0.,0.,-1.));
#4049=DIRECTION('ref_axis',(1.,0.,0.));
#4050=DIRECTION('',(0.,0.,1.));
#4051=DIRECTION('center_axis',(0.,-1.,0.));
#4052=DIRECTION('ref_axis',(1.,0.,0.));
#4053=DIRECTION('',(1.,0.,0.));
#4054=DIRECTION('',(0.,0.,1.));
#4055=DIRECTION('center_axis',(0.,0.,1.));
#4056=DIRECTION('ref_axis',(0.,1.,0.));
#4057=DIRECTION('center_axis',(0.,0.,-1.));
#4058=DIRECTION('ref_axis',(0.,1.,0.));
#4059=DIRECTION('center_axis',(1.,0.,0.));
#4060=DIRECTION('ref_axis',(0.,1.,0.));
#4061=DIRECTION('',(0.,0.,1.));
#4062=DIRECTION('',(0.,1.,0.));
#4063=DIRECTION('',(0.,0.,1.));
#4064=DIRECTION('center_axis',(0.,0.,1.));
#4065=DIRECTION('ref_axis',(-1.,0.,0.));
#4066=DIRECTION('center_axis',(0.,0.,-1.));
#4067=DIRECTION('ref_axis',(-1.,0.,0.));
#4068=DIRECTION('',(0.,0.,1.));
#4069=DIRECTION('center_axis',(0.,1.,0.));
#4070=DIRECTION('ref_axis',(-1.,0.,0.));
#4071=DIRECTION('',(-1.,0.,0.));
#4072=DIRECTION('',(0.,0.,1.));
#4073=DIRECTION('center_axis',(0.,0.,1.));
#4074=DIRECTION('ref_axis',(0.,-1.,0.));
#4075=DIRECTION('center_axis',(0.,0.,-1.));
#4076=DIRECTION('ref_axis',(0.,-1.,0.));
#4077=DIRECTION('',(0.,0.,1.));
#4078=DIRECTION('center_axis',(-1.,0.,0.));
#4079=DIRECTION('ref_axis',(0.,-1.,0.));
#4080=DIRECTION('',(0.,-1.,0.));
#4081=DIRECTION('',(0.,0.,1.));
#4082=DIRECTION('center_axis',(0.,0.,1.));
#4083=DIRECTION('ref_axis',(1.,0.,0.));
#4084=DIRECTION('center_axis',(0.,0.,-1.));
#4085=DIRECTION('ref_axis',(1.,0.,0.));
#4086=DIRECTION('',(0.,0.,1.));
#4087=DIRECTION('center_axis',(0.,-1.,0.));
#4088=DIRECTION('ref_axis',(1.,0.,0.));
#4089=DIRECTION('',(1.,0.,0.));
#4090=DIRECTION('',(0.,0.,1.));
#4091=DIRECTION('center_axis',(0.,0.,1.));
#4092=DIRECTION('ref_axis',(0.,1.,0.));
#4093=DIRECTION('center_axis',(0.,0.,-1.));
#4094=DIRECTION('ref_axis',(0.,1.,0.));
#4095=DIRECTION('center_axis',(1.,0.,0.));
#4096=DIRECTION('ref_axis',(0.,1.,0.));
#4097=DIRECTION('',(0.,0.,1.));
#4098=DIRECTION('',(0.,1.,0.));
#4099=DIRECTION('',(0.,0.,1.));
#4100=DIRECTION('center_axis',(0.,0.,1.));
#4101=DIRECTION('ref_axis',(-1.,0.,0.));
#4102=DIRECTION('center_axis',(0.,0.,-1.));
#4103=DIRECTION('ref_axis',(-1.,0.,0.));
#4104=DIRECTION('',(0.,0.,1.));
#4105=DIRECTION('center_axis',(0.,1.,0.));
#4106=DIRECTION('ref_axis',(-1.,0.,0.));
#4107=DIRECTION('',(-1.,0.,0.));
#4108=DIRECTION('',(0.,0.,1.));
#4109=DIRECTION('center_axis',(0.,0.,1.));
#4110=DIRECTION('ref_axis',(0.,-1.,0.));
#4111=DIRECTION('center_axis',(0.,0.,-1.));
#4112=DIRECTION('ref_axis',(0.,-1.,0.));
#4113=DIRECTION('',(0.,0.,1.));
#4114=DIRECTION('center_axis',(-1.,0.,0.));
#4115=DIRECTION('ref_axis',(0.,-1.,0.));
#4116=DIRECTION('',(0.,-1.,0.));
#4117=DIRECTION('',(0.,0.,1.));
#4118=DIRECTION('center_axis',(0.,0.,1.));
#4119=DIRECTION('ref_axis',(1.,0.,0.));
#4120=DIRECTION('center_axis',(0.,0.,-1.));
#4121=DIRECTION('ref_axis',(1.,0.,0.));
#4122=DIRECTION('',(0.,0.,1.));
#4123=DIRECTION('center_axis',(0.,-1.,0.));
#4124=DIRECTION('ref_axis',(1.,0.,0.));
#4125=DIRECTION('',(1.,0.,0.));
#4126=DIRECTION('',(0.,0.,1.));
#4127=DIRECTION('center_axis',(0.,0.,1.));
#4128=DIRECTION('ref_axis',(0.,1.,0.));
#4129=DIRECTION('center_axis',(0.,0.,-1.));
#4130=DIRECTION('ref_axis',(0.,1.,0.));
#4131=DIRECTION('center_axis',(1.,0.,0.));
#4132=DIRECTION('ref_axis',(0.,1.,0.));
#4133=DIRECTION('',(0.,0.,1.));
#4134=DIRECTION('',(0.,1.,0.));
#4135=DIRECTION('',(0.,0.,1.));
#4136=DIRECTION('center_axis',(0.,0.,1.));
#4137=DIRECTION('ref_axis',(-1.,0.,0.));
#4138=DIRECTION('center_axis',(0.,0.,-1.));
#4139=DIRECTION('ref_axis',(-1.,0.,0.));
#4140=DIRECTION('',(0.,0.,1.));
#4141=DIRECTION('center_axis',(0.,1.,0.));
#4142=DIRECTION('ref_axis',(-1.,0.,0.));
#4143=DIRECTION('',(-1.,0.,0.));
#4144=DIRECTION('',(0.,0.,1.));
#4145=DIRECTION('center_axis',(0.,0.,1.));
#4146=DIRECTION('ref_axis',(0.,-1.,0.));
#4147=DIRECTION('center_axis',(0.,0.,-1.));
#4148=DIRECTION('ref_axis',(0.,-1.,0.));
#4149=DIRECTION('',(0.,0.,1.));
#4150=DIRECTION('center_axis',(-1.,0.,0.));
#4151=DIRECTION('ref_axis',(0.,-1.,0.));
#4152=DIRECTION('',(0.,-1.,0.));
#4153=DIRECTION('',(0.,0.,1.));
#4154=DIRECTION('center_axis',(0.,0.,1.));
#4155=DIRECTION('ref_axis',(1.,0.,0.));
#4156=DIRECTION('center_axis',(0.,0.,-1.));
#4157=DIRECTION('ref_axis',(1.,0.,0.));
#4158=DIRECTION('',(0.,0.,1.));
#4159=DIRECTION('center_axis',(0.,-1.,0.));
#4160=DIRECTION('ref_axis',(1.,0.,0.));
#4161=DIRECTION('',(1.,0.,0.));
#4162=DIRECTION('',(0.,0.,1.));
#4163=DIRECTION('center_axis',(0.,0.,1.));
#4164=DIRECTION('ref_axis',(0.,1.,0.));
#4165=DIRECTION('center_axis',(0.,0.,-1.));
#4166=DIRECTION('ref_axis',(0.,1.,0.));
#4167=DIRECTION('center_axis',(1.,0.,0.));
#4168=DIRECTION('ref_axis',(0.,1.,0.));
#4169=DIRECTION('',(0.,0.,1.));
#4170=DIRECTION('',(0.,1.,0.));
#4171=DIRECTION('',(0.,0.,1.));
#4172=DIRECTION('center_axis',(0.,0.,1.));
#4173=DIRECTION('ref_axis',(-1.,0.,0.));
#4174=DIRECTION('center_axis',(0.,0.,-1.));
#4175=DIRECTION('ref_axis',(-1.,0.,0.));
#4176=DIRECTION('',(0.,0.,1.));
#4177=DIRECTION('center_axis',(0.,1.,0.));
#4178=DIRECTION('ref_axis',(-1.,0.,0.));
#4179=DIRECTION('',(-1.,0.,0.));
#4180=DIRECTION('',(0.,0.,1.));
#4181=DIRECTION('center_axis',(0.,0.,1.));
#4182=DIRECTION('ref_axis',(0.,-1.,0.));
#4183=DIRECTION('center_axis',(0.,0.,-1.));
#4184=DIRECTION('ref_axis',(0.,-1.,0.));
#4185=DIRECTION('',(0.,0.,1.));
#4186=DIRECTION('center_axis',(-1.,0.,0.));
#4187=DIRECTION('ref_axis',(0.,-1.,0.));
#4188=DIRECTION('',(0.,-1.,0.));
#4189=DIRECTION('',(0.,0.,1.));
#4190=DIRECTION('center_axis',(0.,0.,1.));
#4191=DIRECTION('ref_axis',(1.,0.,0.));
#4192=DIRECTION('center_axis',(0.,0.,-1.));
#4193=DIRECTION('ref_axis',(1.,0.,0.));
#4194=DIRECTION('',(0.,0.,1.));
#4195=DIRECTION('center_axis',(0.,-1.,0.));
#4196=DIRECTION('ref_axis',(1.,0.,0.));
#4197=DIRECTION('',(1.,0.,0.));
#4198=DIRECTION('',(0.,0.,1.));
#4199=DIRECTION('center_axis',(0.,0.,1.));
#4200=DIRECTION('ref_axis',(0.,1.,0.));
#4201=DIRECTION('center_axis',(0.,0.,-1.));
#4202=DIRECTION('ref_axis',(0.,1.,0.));
#4203=DIRECTION('center_axis',(1.,0.,0.));
#4204=DIRECTION('ref_axis',(0.,1.,0.));
#4205=DIRECTION('',(0.,0.,1.));
#4206=DIRECTION('',(0.,1.,0.));
#4207=DIRECTION('',(0.,0.,1.));
#4208=DIRECTION('center_axis',(0.,0.,1.));
#4209=DIRECTION('ref_axis',(-1.,0.,0.));
#4210=DIRECTION('center_axis',(0.,0.,-1.));
#4211=DIRECTION('ref_axis',(-1.,0.,0.));
#4212=DIRECTION('',(0.,0.,1.));
#4213=DIRECTION('center_axis',(0.,1.,0.));
#4214=DIRECTION('ref_axis',(-1.,0.,0.));
#4215=DIRECTION('',(-1.,0.,0.));
#4216=DIRECTION('',(0.,0.,1.));
#4217=DIRECTION('center_axis',(0.,0.,1.));
#4218=DIRECTION('ref_axis',(0.,-1.,0.));
#4219=DIRECTION('center_axis',(0.,0.,-1.));
#4220=DIRECTION('ref_axis',(0.,-1.,0.));
#4221=DIRECTION('',(0.,0.,1.));
#4222=DIRECTION('center_axis',(-1.,0.,0.));
#4223=DIRECTION('ref_axis',(0.,-1.,0.));
#4224=DIRECTION('',(0.,-1.,0.));
#4225=DIRECTION('',(0.,0.,1.));
#4226=DIRECTION('center_axis',(0.,0.,1.));
#4227=DIRECTION('ref_axis',(1.,0.,0.));
#4228=DIRECTION('center_axis',(0.,0.,-1.));
#4229=DIRECTION('ref_axis',(1.,0.,0.));
#4230=DIRECTION('',(0.,0.,1.));
#4231=DIRECTION('center_axis',(0.,-1.,0.));
#4232=DIRECTION('ref_axis',(1.,0.,0.));
#4233=DIRECTION('',(1.,0.,0.));
#4234=DIRECTION('',(0.,0.,1.));
#4235=DIRECTION('center_axis',(0.,0.,1.));
#4236=DIRECTION('ref_axis',(0.,1.,0.));
#4237=DIRECTION('center_axis',(0.,0.,-1.));
#4238=DIRECTION('ref_axis',(0.,1.,0.));
#4239=DIRECTION('center_axis',(1.,0.,0.));
#4240=DIRECTION('ref_axis',(0.,1.,0.));
#4241=DIRECTION('',(0.,0.,1.));
#4242=DIRECTION('',(0.,1.,0.));
#4243=DIRECTION('',(0.,0.,1.));
#4244=DIRECTION('center_axis',(0.,0.,1.));
#4245=DIRECTION('ref_axis',(-1.,0.,0.));
#4246=DIRECTION('center_axis',(0.,0.,-1.));
#4247=DIRECTION('ref_axis',(-1.,0.,0.));
#4248=DIRECTION('',(0.,0.,1.));
#4249=DIRECTION('center_axis',(0.,1.,0.));
#4250=DIRECTION('ref_axis',(-1.,0.,0.));
#4251=DIRECTION('',(-1.,0.,0.));
#4252=DIRECTION('',(0.,0.,1.));
#4253=DIRECTION('center_axis',(0.,0.,1.));
#4254=DIRECTION('ref_axis',(0.,-1.,0.));
#4255=DIRECTION('center_axis',(0.,0.,-1.));
#4256=DIRECTION('ref_axis',(0.,-1.,0.));
#4257=DIRECTION('',(0.,0.,1.));
#4258=DIRECTION('center_axis',(-1.,0.,0.));
#4259=DIRECTION('ref_axis',(0.,-1.,0.));
#4260=DIRECTION('',(0.,-1.,0.));
#4261=DIRECTION('',(0.,0.,1.));
#4262=DIRECTION('center_axis',(0.,0.,1.));
#4263=DIRECTION('ref_axis',(1.,0.,0.));
#4264=DIRECTION('center_axis',(0.,0.,-1.));
#4265=DIRECTION('ref_axis',(1.,0.,0.));
#4266=DIRECTION('',(0.,0.,1.));
#4267=DIRECTION('center_axis',(0.,-1.,0.));
#4268=DIRECTION('ref_axis',(1.,0.,0.));
#4269=DIRECTION('',(1.,0.,0.));
#4270=DIRECTION('',(0.,0.,1.));
#4271=DIRECTION('center_axis',(0.,0.,1.));
#4272=DIRECTION('ref_axis',(0.,1.,0.));
#4273=DIRECTION('center_axis',(0.,0.,-1.));
#4274=DIRECTION('ref_axis',(0.,1.,0.));
#4275=DIRECTION('center_axis',(1.,0.,0.));
#4276=DIRECTION('ref_axis',(0.,1.,0.));
#4277=DIRECTION('',(0.,0.,1.));
#4278=DIRECTION('',(0.,1.,0.));
#4279=DIRECTION('',(0.,0.,1.));
#4280=DIRECTION('center_axis',(0.,0.,1.));
#4281=DIRECTION('ref_axis',(-1.,0.,0.));
#4282=DIRECTION('center_axis',(0.,0.,-1.));
#4283=DIRECTION('ref_axis',(-1.,0.,0.));
#4284=DIRECTION('',(0.,0.,1.));
#4285=DIRECTION('center_axis',(0.,1.,0.));
#4286=DIRECTION('ref_axis',(-1.,0.,0.));
#4287=DIRECTION('',(-1.,0.,0.));
#4288=DIRECTION('',(0.,0.,1.));
#4289=DIRECTION('center_axis',(0.,0.,1.));
#4290=DIRECTION('ref_axis',(1.77991667274577E-14,-1.,0.));
#4291=DIRECTION('center_axis',(0.,0.,-1.));
#4292=DIRECTION('ref_axis',(1.77991667274577E-14,-1.,0.));
#4293=DIRECTION('',(0.,0.,1.));
#4294=DIRECTION('center_axis',(-1.,0.,0.));
#4295=DIRECTION('ref_axis',(0.,-1.,0.));
#4296=DIRECTION('',(0.,-1.,0.));
#4297=DIRECTION('',(0.,0.,1.));
#4298=DIRECTION('center_axis',(0.,0.,1.));
#4299=DIRECTION('ref_axis',(1.,0.,0.));
#4300=DIRECTION('center_axis',(0.,0.,-1.));
#4301=DIRECTION('ref_axis',(1.,0.,0.));
#4302=DIRECTION('',(0.,0.,1.));
#4303=DIRECTION('center_axis',(0.,-1.,0.));
#4304=DIRECTION('ref_axis',(1.,0.,0.));
#4305=DIRECTION('',(1.,0.,0.));
#4306=DIRECTION('',(0.,0.,1.));
#4307=DIRECTION('center_axis',(0.,0.,1.));
#4308=DIRECTION('ref_axis',(0.,1.,0.));
#4309=DIRECTION('center_axis',(0.,0.,-1.));
#4310=DIRECTION('ref_axis',(0.,1.,0.));
#4311=DIRECTION('center_axis',(1.,0.,0.));
#4312=DIRECTION('ref_axis',(0.,1.,0.));
#4313=DIRECTION('',(0.,0.,1.));
#4314=DIRECTION('',(0.,1.,0.));
#4315=DIRECTION('',(0.,0.,1.));
#4316=DIRECTION('center_axis',(0.,0.,1.));
#4317=DIRECTION('ref_axis',(-1.,0.,0.));
#4318=DIRECTION('center_axis',(0.,0.,-1.));
#4319=DIRECTION('ref_axis',(-1.,0.,0.));
#4320=DIRECTION('',(0.,0.,1.));
#4321=DIRECTION('center_axis',(0.,1.,0.));
#4322=DIRECTION('ref_axis',(-1.,0.,0.));
#4323=DIRECTION('',(-1.,0.,0.));
#4324=DIRECTION('',(0.,0.,1.));
#4325=DIRECTION('center_axis',(0.,0.,1.));
#4326=DIRECTION('ref_axis',(1.77991667274577E-14,-1.,0.));
#4327=DIRECTION('center_axis',(0.,0.,-1.));
#4328=DIRECTION('ref_axis',(1.77991667274577E-14,-1.,0.));
#4329=DIRECTION('',(0.,0.,1.));
#4330=DIRECTION('center_axis',(-1.,0.,0.));
#4331=DIRECTION('ref_axis',(0.,-1.,0.));
#4332=DIRECTION('',(0.,-1.,0.));
#4333=DIRECTION('',(0.,0.,1.));
#4334=DIRECTION('center_axis',(0.,0.,1.));
#4335=DIRECTION('ref_axis',(1.,0.,0.));
#4336=DIRECTION('center_axis',(0.,0.,-1.));
#4337=DIRECTION('ref_axis',(1.,0.,0.));
#4338=DIRECTION('',(0.,0.,1.));
#4339=DIRECTION('center_axis',(0.,-1.,0.));
#4340=DIRECTION('ref_axis',(1.,0.,0.));
#4341=DIRECTION('',(1.,0.,0.));
#4342=DIRECTION('',(0.,0.,1.));
#4343=DIRECTION('center_axis',(0.,0.,1.));
#4344=DIRECTION('ref_axis',(0.,1.,0.));
#4345=DIRECTION('center_axis',(0.,0.,-1.));
#4346=DIRECTION('ref_axis',(0.,1.,0.));
#4347=DIRECTION('center_axis',(0.,0.,1.));
#4348=DIRECTION('ref_axis',(1.,0.,0.));
#4349=DIRECTION('',(0.,0.,1.));
#4350=DIRECTION('center_axis',(0.,0.,-1.));
#4351=DIRECTION('ref_axis',(1.,0.,0.));
#4352=DIRECTION('center_axis',(1.,0.,0.));
#4353=DIRECTION('ref_axis',(0.,1.,1.46081976924363E-16));
#4354=DIRECTION('',(0.,-1.,0.));
#4355=DIRECTION('',(0.,-1.48029736616688E-16,1.));
#4356=DIRECTION('',(0.,-1.48029736616688E-16,1.));
#4357=DIRECTION('center_axis',(-9.70547373549473E-33,-1.,-1.48029736616688E-16));
#4358=DIRECTION('ref_axis',(1.,0.,-6.55643518479423E-17));
#4359=DIRECTION('',(-1.,9.70547373549473E-33,0.));
#4360=DIRECTION('',(0.,-1.48029736616688E-16,1.));
#4361=DIRECTION('center_axis',(-1.,0.,0.));
#4362=DIRECTION('ref_axis',(0.,-1.,0.));
#4363=DIRECTION('',(0.,1.,0.));
#4364=DIRECTION('',(0.,-1.48029736616688E-16,1.));
#4365=DIRECTION('center_axis',(0.,1.,1.48029736616688E-16));
#4366=DIRECTION('ref_axis',(-1.,0.,0.));
#4367=DIRECTION('',(1.,0.,0.));
#4368=DIRECTION('center_axis',(0.,-1.,0.));
#4369=DIRECTION('ref_axis',(-1.,0.,0.));
#4370=DIRECTION('',(1.,0.,0.));
#4371=DIRECTION('center_axis',(0.,-1.,0.));
#4372=DIRECTION('ref_axis',(-1.,0.,0.));
#4373=DIRECTION('',(0.,0.,-1.));
#4374=DIRECTION('',(1.,0.,0.));
#4375=DIRECTION('center_axis',(0.,1.,0.));
#4376=DIRECTION('ref_axis',(1.,0.,0.));
#4377=DIRECTION('',(-1.,0.,0.));
#4378=DIRECTION('',(0.,0.,-1.));
#4379=DIRECTION('center_axis',(-1.,0.,0.));
#4380=DIRECTION('ref_axis',(0.,1.,0.));
#4381=DIRECTION('',(0.,-1.,0.));
#4382=DIRECTION('center_axis',(-1.,0.,0.));
#4383=DIRECTION('ref_axis',(0.,1.,0.));
#4384=DIRECTION('',(0.,1.,0.));
#4385=DIRECTION('center_axis',(0.,0.,1.));
#4386=DIRECTION('ref_axis',(1.,0.,0.));
#4387=CARTESIAN_POINT('',(0.,0.,0.));
#4388=CARTESIAN_POINT('Origin',(-5.,-104.64,0.));
#4389=CARTESIAN_POINT('',(-5.,-109.64,13.));
#4390=CARTESIAN_POINT('',(-10.,-104.64,13.));
#4391=CARTESIAN_POINT('Origin',(-5.,-104.64,13.));
#4392=CARTESIAN_POINT('',(-10.,-104.64,0.));
#4393=CARTESIAN_POINT('',(-10.,-104.64,0.));
#4394=CARTESIAN_POINT('',(-5.,-109.64,0.));
#4395=CARTESIAN_POINT('Origin',(-5.,-104.64,0.));
#4396=CARTESIAN_POINT('',(-5.,-109.64,0.));
#4397=CARTESIAN_POINT('Origin',(46.105,-49.82,13.));
#4398=CARTESIAN_POINT('',(97.21,-109.64,13.));
#4399=CARTESIAN_POINT('',(102.21,-109.64,13.));
#4400=CARTESIAN_POINT('',(102.21,-104.64,13.));
#4401=CARTESIAN_POINT('Origin',(97.21,-104.64,13.));
#4402=CARTESIAN_POINT('',(102.21,5.,13.));
#4403=CARTESIAN_POINT('',(102.21,10.,13.));
#4404=CARTESIAN_POINT('',(97.21,10.,13.));
#4405=CARTESIAN_POINT('Origin',(97.21,5.,13.));
#4406=CARTESIAN_POINT('',(-5.,10.,13.));
#4407=CARTESIAN_POINT('',(-10.,10.,13.));
#4408=CARTESIAN_POINT('',(-10.,5.,13.));
#4409=CARTESIAN_POINT('Origin',(-5.,5.,13.));
#4410=CARTESIAN_POINT('',(-10.,-109.64,13.));
#4411=CARTESIAN_POINT('',(-6.45000007450581,5.00000007450581,13.));
#4412=CARTESIAN_POINT('Origin',(-5.00000007450581,5.00000007450581,13.));
#4413=CARTESIAN_POINT('',(-6.45,-105.,13.));
#4414=CARTESIAN_POINT('Origin',(-5.,-105.,13.));
#4415=CARTESIAN_POINT('',(95.76,-105.,13.));
#4416=CARTESIAN_POINT('Origin',(97.21,-105.,13.));
#4417=CARTESIAN_POINT('',(95.7600000745058,5.00000007450581,13.));
#4418=CARTESIAN_POINT('Origin',(97.2100000745058,5.00000007450581,13.));
#4419=CARTESIAN_POINT('',(0.,-99.64,13.));
#4420=CARTESIAN_POINT('',(0.,0.,13.));
#4421=CARTESIAN_POINT('',(0.,-99.64,13.));
#4422=CARTESIAN_POINT('',(92.21,0.,13.));
#4423=CARTESIAN_POINT('',(0.,0.,13.));
#4424=CARTESIAN_POINT('',(92.21,-99.64,13.));
#4425=CARTESIAN_POINT('',(92.21,0.,13.));
#4426=CARTESIAN_POINT('',(92.21,-99.64,13.));
#4427=CARTESIAN_POINT('Origin',(-10.,-109.64,0.));
#4428=CARTESIAN_POINT('',(97.21,-109.64,0.));
#4429=CARTESIAN_POINT('',(102.21,-109.64,0.));
#4430=CARTESIAN_POINT('',(97.21,-109.64,0.));
#4431=CARTESIAN_POINT('Origin',(97.21,-104.64,0.));
#4432=CARTESIAN_POINT('',(102.21,-104.64,0.));
#4433=CARTESIAN_POINT('Origin',(97.21,-104.64,0.));
#4434=CARTESIAN_POINT('',(102.21,-104.64,0.));
#4435=CARTESIAN_POINT('Origin',(97.21,5.,0.));
#4436=CARTESIAN_POINT('',(102.21,5.,0.));
#4437=CARTESIAN_POINT('',(102.21,5.,0.));
#4438=CARTESIAN_POINT('',(97.21,10.,0.));
#4439=CARTESIAN_POINT('Origin',(97.21,5.,0.));
#4440=CARTESIAN_POINT('',(97.21,10.,0.));
#4441=CARTESIAN_POINT('Origin',(102.21,10.,0.));
#4442=CARTESIAN_POINT('',(-5.,10.,0.));
#4443=CARTESIAN_POINT('',(-10.,10.,0.));
#4444=CARTESIAN_POINT('',(-5.,10.,0.));
#4445=CARTESIAN_POINT('',(11.8525005629635,10.,3.29999995976686));
#4446=CARTESIAN_POINT('',(11.8525005629635,10.,10.3050005607074));
#4447=CARTESIAN_POINT('',(11.8525005629635,10.,5.90250028035371));
#4448=CARTESIAN_POINT('',(10.3525005629635,10.,11.8050005607074));
#4449=CARTESIAN_POINT('Origin',(10.3525005629635,10.,10.3050005607074));
#4450=CARTESIAN_POINT('',(3.34999995864928,10.,11.8050005607074));
#4451=CARTESIAN_POINT('',(52.0299999793246,10.,11.8050005607074));
#4452=CARTESIAN_POINT('',(1.84999995864928,10.,10.3050005607074));
#4453=CARTESIAN_POINT('Origin',(3.34999995864928,10.,10.3050005607074));
#4454=CARTESIAN_POINT('',(1.84999995864928,10.,3.29999995976686));
#4455=CARTESIAN_POINT('',(1.84999995864928,10.,0.899999979883432));
#4456=CARTESIAN_POINT('',(3.34999995864928,10.,1.79999995976686));
#4457=CARTESIAN_POINT('Origin',(3.34999995864928,10.,3.29999995976686));
#4458=CARTESIAN_POINT('',(10.3525005629635,10.,1.79999995976686));
#4459=CARTESIAN_POINT('',(57.0312502814818,10.,1.79999995976686));
#4460=CARTESIAN_POINT('Origin',(10.3525005629635,10.,3.29999995976686));
#4461=CARTESIAN_POINT('Origin',(-5.,5.,0.));
#4462=CARTESIAN_POINT('',(-10.,5.,0.));
#4463=CARTESIAN_POINT('Origin',(-5.,5.,0.));
#4464=CARTESIAN_POINT('',(-10.,5.,0.));
#4465=CARTESIAN_POINT('Origin',(3.34999995864928,0.,10.3050005607074));
#4466=CARTESIAN_POINT('',(3.34999995864928,0.,11.8050005607074));
#4467=CARTESIAN_POINT('',(1.84999995864928,0.,10.3050005607074));
#4468=CARTESIAN_POINT('Origin',(3.34999995864928,0.,10.3050005607074));
#4469=CARTESIAN_POINT('',(1.84999995864928,0.,10.3050005607074));
#4470=CARTESIAN_POINT('',(3.34999995864928,0.,11.8050005607074));
#4471=CARTESIAN_POINT('Origin',(1.84999995864928,0.,1.79999995976686));
#4472=CARTESIAN_POINT('',(1.84999995864928,0.,3.29999995976686));
#4473=CARTESIAN_POINT('',(1.84999995864928,0.,0.899999979883432));
#4474=CARTESIAN_POINT('',(1.84999995864928,0.,3.29999995976686));
#4475=CARTESIAN_POINT('Origin',(3.34999995864928,0.,3.29999995976686));
#4476=CARTESIAN_POINT('',(3.34999995864928,0.,1.79999995976686));
#4477=CARTESIAN_POINT('',(1.88030610476682,0.,3.));
#4478=CARTESIAN_POINT('Origin',(3.34999995864928,0.,3.29999995976686));
#4479=CARTESIAN_POINT('',(3.34999995864928,0.,1.79999995976686));
#4480=CARTESIAN_POINT('Origin',(3.34999995864928,0.,3.29999995976686));
#4481=CARTESIAN_POINT('Origin',(11.8525005629635,0.,1.79999995976686));
#4482=CARTESIAN_POINT('',(10.3525005629635,0.,1.79999995976686));
#4483=CARTESIAN_POINT('',(1.84999995864928,0.,1.79999995976686));
#4484=CARTESIAN_POINT('',(10.3525005629635,0.,1.79999995976686));
#4485=CARTESIAN_POINT('Origin',(6.85125026080641,0.,6.80250026023714));
#4486=CARTESIAN_POINT('',(11.822194416846,0.,3.));
#4487=CARTESIAN_POINT('',(23.0525,0.,3.));
#4488=CARTESIAN_POINT('Origin',(10.3525005629635,0.,3.29999995976686));
#4489=CARTESIAN_POINT('Origin',(10.3525005629635,0.,3.29999995976686));
#4490=CARTESIAN_POINT('',(11.8525005629635,0.,3.29999995976686));
#4491=CARTESIAN_POINT('Origin',(10.3525005629635,0.,3.29999995976686));
#4492=CARTESIAN_POINT('',(11.8525005629635,0.,3.29999995976686));
#4493=CARTESIAN_POINT('Origin',(11.8525005629635,0.,11.8050005607074));
#4494=CARTESIAN_POINT('',(11.8525005629635,0.,10.3050005607074));
#4495=CARTESIAN_POINT('',(11.8525005629635,0.,5.90250028035371));
#4496=CARTESIAN_POINT('',(11.8525005629635,0.,10.3050005607074));
#4497=CARTESIAN_POINT('Origin',(10.3525005629635,0.,10.3050005607074));
#4498=CARTESIAN_POINT('',(10.3525005629635,0.,11.8050005607074));
#4499=CARTESIAN_POINT('Origin',(10.3525005629635,0.,10.3050005607074));
#4500=CARTESIAN_POINT('',(10.3525005629635,0.,11.8050005607074));
#4501=CARTESIAN_POINT('Origin',(1.84999995864928,0.,11.8050005607074));
#4502=CARTESIAN_POINT('',(0.924999979324639,0.,11.8050005607074));
#4503=CARTESIAN_POINT('Origin',(0.,0.,0.));
#4504=CARTESIAN_POINT('',(92.21,0.,3.));
#4505=CARTESIAN_POINT('',(23.0525,0.,3.));
#4506=CARTESIAN_POINT('',(92.21,0.,0.));
#4507=CARTESIAN_POINT('',(0.,0.,3.));
#4508=CARTESIAN_POINT('',(0.,0.,0.));
#4509=CARTESIAN_POINT('',(23.0525,0.,3.));
#4510=CARTESIAN_POINT('Origin',(92.21,0.,0.));
#4511=CARTESIAN_POINT('',(92.21,-99.64,3.));
#4512=CARTESIAN_POINT('',(92.21,-24.91,3.));
#4513=CARTESIAN_POINT('',(92.21,-99.64,0.));
#4514=CARTESIAN_POINT('Origin',(92.21,-99.64,0.));
#4515=CARTESIAN_POINT('',(0.,-99.64,3.));
#4516=CARTESIAN_POINT('',(69.1575,-99.64,3.));
#4517=CARTESIAN_POINT('',(0.,-99.64,0.));
#4518=CARTESIAN_POINT('Origin',(0.,-99.64,0.));
#4519=CARTESIAN_POINT('',(0.,-74.73,3.));
#4520=CARTESIAN_POINT('Origin',(97.2100000745058,5.00000007450581,0.));
#4521=CARTESIAN_POINT('',(95.7600000745058,5.00000007450581,0.));
#4522=CARTESIAN_POINT('',(95.7600000745058,5.00000007450581,0.));
#4523=CARTESIAN_POINT('Origin',(97.2100000745058,5.00000007450581,0.));
#4524=CARTESIAN_POINT('Origin',(-5.00000007450581,5.00000007450581,0.));
#4525=CARTESIAN_POINT('',(-6.45000007450581,5.00000007450581,0.));
#4526=CARTESIAN_POINT('',(-6.45000007450581,5.00000007450581,0.));
#4527=CARTESIAN_POINT('Origin',(-5.00000007450581,5.00000007450581,0.));
#4528=CARTESIAN_POINT('Origin',(-5.,-105.,0.));
#4529=CARTESIAN_POINT('',(-6.45,-105.,0.));
#4530=CARTESIAN_POINT('',(-6.45,-105.,0.));
#4531=CARTESIAN_POINT('Origin',(-5.,-105.,0.));
#4532=CARTESIAN_POINT('Origin',(97.21,-105.,0.));
#4533=CARTESIAN_POINT('',(95.76,-105.,0.));
#4534=CARTESIAN_POINT('',(95.76,-105.,0.));
#4535=CARTESIAN_POINT('Origin',(97.21,-105.,0.));
#4536=CARTESIAN_POINT('Origin',(-10.,10.,0.));
#4537=CARTESIAN_POINT('',(-10.,-109.64,0.));
#4538=CARTESIAN_POINT('Origin',(102.21,-109.64,0.));
#4539=CARTESIAN_POINT('',(102.21,10.,0.));
#4540=CARTESIAN_POINT('Origin',(46.105,-49.82,3.));
#4541=CARTESIAN_POINT('Origin',(46.105,-49.82,0.));
#4542=CARTESIAN_POINT('Origin',(-130.000000149012,-104.6310724695,3.));
#4543=CARTESIAN_POINT('',(-135.000000149012,-104.6310724695,5.55111512312578E-16));
#4544=CARTESIAN_POINT('',(-130.000000149012,-109.6310724695,5.55111512312578E-16));
#4545=CARTESIAN_POINT('Origin',(-130.000000149012,-104.6310724695,5.55111512312578E-16));
#4546=CARTESIAN_POINT('',(-130.000000149012,-109.6310724695,3.));
#4547=CARTESIAN_POINT('',(-130.000000149012,-109.6310724695,3.));
#4548=CARTESIAN_POINT('',(-135.000000149012,-104.6310724695,3.));
#4549=CARTESIAN_POINT('Origin',(-130.000000149012,-104.6310724695,3.));
#4550=CARTESIAN_POINT('',(-135.000000149012,-104.6310724695,3.));
#4551=CARTESIAN_POINT('Origin',(-22.7899951452855,-109.6310724695,3.));
#4552=CARTESIAN_POINT('',(-27.7899951452855,-109.6310724695,5.55111512312578E-16));
#4553=CARTESIAN_POINT('',(-125.000211788351,-109.6310724695,5.55111512312578E-16));
#4554=CARTESIAN_POINT('',(-27.7899951452855,-109.6310724695,3.));
#4555=CARTESIAN_POINT('',(-27.7899951452855,-109.6310724695,3.));
#4556=CARTESIAN_POINT('',(-125.000211788351,-109.6310724695,3.));
#4557=CARTESIAN_POINT('Origin',(-78.8949976471486,-49.815536160244,5.55111512312578E-16));
#4558=CARTESIAN_POINT('',(-135.000000149012,5.00000014901161,5.55111512312578E-16));
#4559=CARTESIAN_POINT('',(-135.000000149012,-109.6310724695,5.55111512312578E-16));
#4560=CARTESIAN_POINT('',(-130.000000149012,10.0000001490116,5.55111512312578E-16));
#4561=CARTESIAN_POINT('Origin',(-130.000000149012,5.00000014901161,5.55111512312578E-16));
#4562=CARTESIAN_POINT('',(-27.7899951452855,10.0000001490116,5.55111512312578E-16));
#4563=CARTESIAN_POINT('',(-22.7899951452855,10.0000001490116,5.55111512312578E-16));
#4564=CARTESIAN_POINT('',(-22.7899951452855,5.00000014901161,5.55111512312578E-16));
#4565=CARTESIAN_POINT('Origin',(-27.7899951452855,5.00000014901161,5.55111512312578E-16));
#4566=CARTESIAN_POINT('',(-22.7899951452855,-104.6310724695,5.55111512312578E-16));
#4567=CARTESIAN_POINT('',(-22.7899951452855,-109.6310724695,5.55111512312578E-16));
#4568=CARTESIAN_POINT('Origin',(-27.7899951452855,-104.6310724695,5.55111512312578E-16));
#4569=CARTESIAN_POINT('',(-32.78999562026,-27.6400013128296,5.55111512312578E-16));
#4570=CARTESIAN_POINT('',(-32.78999562026,0.,5.55111512312578E-16));
#4571=CARTESIAN_POINT('',(-32.78999562026,-27.6400013128296,5.55111512312578E-16));
#4572=CARTESIAN_POINT('',(-32.79,-99.6310724694996,5.55111512312578E-16));
#4573=CARTESIAN_POINT('',(-32.79,-99.64,5.55111512312578E-16));
#4574=CARTESIAN_POINT('',(-32.7788689663175,-99.6310724694996,5.55111512312578E-16));
#4575=CARTESIAN_POINT('',(-135.000000149012,-99.6310724694996,5.55111512312578E-16));
#4576=CARTESIAN_POINT('',(-32.7788689663175,0.,5.55111512312578E-16));
#4577=CARTESIAN_POINT('',(-32.7788689663175,10.0000001490116,5.55111512312578E-16));
#4578=CARTESIAN_POINT('',(-22.7899951452855,0.,5.55111512312578E-16));
#4579=CARTESIAN_POINT('',(-100.837,-2.574,5.55111512312578E-16));
#4580=CARTESIAN_POINT('',(-100.837,-13.974,5.55111512312578E-16));
#4581=CARTESIAN_POINT('',(-100.837,-8.19700032820739,5.55111512312578E-16));
#4582=CARTESIAN_POINT('',(-75.437,-13.974,5.55111512312578E-16));
#4583=CARTESIAN_POINT('',(-85.8634987149564,-13.974,5.55111512312578E-16));
#4584=CARTESIAN_POINT('',(-75.437,-2.574,5.55111512312578E-16));
#4585=CARTESIAN_POINT('',(-75.437,-13.8970003282074,5.55111512312578E-16));
#4586=CARTESIAN_POINT('',(-73.1634987149564,-2.574,5.55111512312578E-16));
#4587=CARTESIAN_POINT('',(-42.49199562026,-8.406,5.55111512312578E-16));
#4588=CARTESIAN_POINT('Origin',(-38.79199562026,-8.406,5.55111512312578E-16));
#4589=CARTESIAN_POINT('',(-68.365,-81.139,5.55111512312578E-16));
#4590=CARTESIAN_POINT('',(-67.866,-80.64,5.55111512312578E-16));
#4591=CARTESIAN_POINT('Origin',(-67.866,-81.139,5.55111512312578E-16));
#4592=CARTESIAN_POINT('',(-68.365,-94.141,5.55111512312578E-16));
#4593=CARTESIAN_POINT('',(-68.365,-81.139,5.55111512312578E-16));
#4594=CARTESIAN_POINT('',(-67.866,-94.64,5.55111512312578E-16));
#4595=CARTESIAN_POINT('Origin',(-67.866,-94.141,5.55111512312578E-16));
#4596=CARTESIAN_POINT('',(-54.864,-94.64,5.55111512312578E-16));
#4597=CARTESIAN_POINT('',(-67.866,-94.64,5.55111512312578E-16));
#4598=CARTESIAN_POINT('',(-54.365,-94.141,5.55111512312578E-16));
#4599=CARTESIAN_POINT('Origin',(-54.864,-94.141,5.55111512312578E-16));
#4600=CARTESIAN_POINT('',(-54.365,-81.139,5.55111512312578E-16));
#4601=CARTESIAN_POINT('',(-54.365,-81.139,5.55111512312578E-16));
#4602=CARTESIAN_POINT('',(-54.864,-80.64,5.55111512312578E-16));
#4603=CARTESIAN_POINT('Origin',(-54.864,-81.139,5.55111512312578E-16));
#4604=CARTESIAN_POINT('',(-67.866,-80.64,5.55111512312578E-16));
#4605=CARTESIAN_POINT('',(-68.365,-57.139,5.55111512312578E-16));
#4606=CARTESIAN_POINT('',(-67.866,-56.64,5.55111512312578E-16));
#4607=CARTESIAN_POINT('Origin',(-67.866,-57.139,5.55111512312578E-16));
#4608=CARTESIAN_POINT('',(-68.365,-70.141,5.55111512312578E-16));
#4609=CARTESIAN_POINT('',(-68.365,-57.139,5.55111512312578E-16));
#4610=CARTESIAN_POINT('',(-67.866,-70.64,5.55111512312578E-16));
#4611=CARTESIAN_POINT('Origin',(-67.866,-70.141,5.55111512312578E-16));
#4612=CARTESIAN_POINT('',(-54.864,-70.64,5.55111512312578E-16));
#4613=CARTESIAN_POINT('',(-67.866,-70.64,5.55111512312578E-16));
#4614=CARTESIAN_POINT('',(-54.365,-70.141,5.55111512312578E-16));
#4615=CARTESIAN_POINT('Origin',(-54.864,-70.141,5.55111512312578E-16));
#4616=CARTESIAN_POINT('',(-54.365,-57.139,5.55111512312578E-16));
#4617=CARTESIAN_POINT('',(-54.365,-57.139,5.55111512312578E-16));
#4618=CARTESIAN_POINT('',(-54.864,-56.64,5.55111512312578E-16));
#4619=CARTESIAN_POINT('Origin',(-54.864,-57.139,5.55111512312578E-16));
#4620=CARTESIAN_POINT('',(-67.866,-56.64,5.55111512312578E-16));
#4621=CARTESIAN_POINT('',(-87.415,-57.139,5.55111512312578E-16));
#4622=CARTESIAN_POINT('',(-86.916,-56.64,5.55111512312578E-16));
#4623=CARTESIAN_POINT('Origin',(-86.916,-57.139,5.55111512312578E-16));
#4624=CARTESIAN_POINT('',(-87.415,-70.141,5.55111512312578E-16));
#4625=CARTESIAN_POINT('',(-87.415,-57.139,5.55111512312578E-16));
#4626=CARTESIAN_POINT('',(-86.916,-70.64,5.55111512312578E-16));
#4627=CARTESIAN_POINT('Origin',(-86.916,-70.141,5.55111512312578E-16));
#4628=CARTESIAN_POINT('',(-73.914,-70.64,5.55111512312578E-16));
#4629=CARTESIAN_POINT('',(-86.916,-70.64,5.55111512312578E-16));
#4630=CARTESIAN_POINT('',(-73.415,-70.141,5.55111512312578E-16));
#4631=CARTESIAN_POINT('Origin',(-73.914,-70.141,5.55111512312578E-16));
#4632=CARTESIAN_POINT('',(-73.415,-57.139,5.55111512312578E-16));
#4633=CARTESIAN_POINT('',(-73.415,-57.139,5.55111512312578E-16));
#4634=CARTESIAN_POINT('',(-73.914,-56.64,5.55111512312578E-16));
#4635=CARTESIAN_POINT('Origin',(-73.914,-57.139,5.55111512312578E-16));
#4636=CARTESIAN_POINT('',(-86.916,-56.64,5.55111512312578E-16));
#4637=CARTESIAN_POINT('',(-87.415,-33.139,5.55111512312578E-16));
#4638=CARTESIAN_POINT('',(-86.916,-32.64,5.55111512312578E-16));
#4639=CARTESIAN_POINT('Origin',(-86.916,-33.139,5.55111512312578E-16));
#4640=CARTESIAN_POINT('',(-87.415,-46.141,5.55111512312578E-16));
#4641=CARTESIAN_POINT('',(-87.415,-33.139,5.55111512312578E-16));
#4642=CARTESIAN_POINT('',(-86.916,-46.64,5.55111512312578E-16));
#4643=CARTESIAN_POINT('Origin',(-86.916,-46.141,5.55111512312578E-16));
#4644=CARTESIAN_POINT('',(-73.914,-46.64,5.55111512312578E-16));
#4645=CARTESIAN_POINT('',(-86.916,-46.64,5.55111512312578E-16));
#4646=CARTESIAN_POINT('',(-73.415,-46.141,5.55111512312578E-16));
#4647=CARTESIAN_POINT('Origin',(-73.914,-46.141,5.55111512312578E-16));
#4648=CARTESIAN_POINT('',(-73.415,-33.139,5.55111512312578E-16));
#4649=CARTESIAN_POINT('',(-73.415,-33.139,5.55111512312578E-16));
#4650=CARTESIAN_POINT('',(-73.914,-32.64,5.55111512312578E-16));
#4651=CARTESIAN_POINT('Origin',(-73.914,-33.139,5.55111512312578E-16));
#4652=CARTESIAN_POINT('',(-86.916,-32.64,5.55111512312578E-16));
#4653=CARTESIAN_POINT('',(-106.465,-57.139,5.55111512312578E-16));
#4654=CARTESIAN_POINT('',(-105.966,-56.64,5.55111512312578E-16));
#4655=CARTESIAN_POINT('Origin',(-105.966,-57.139,5.55111512312578E-16));
#4656=CARTESIAN_POINT('',(-106.465,-70.141,5.55111512312578E-16));
#4657=CARTESIAN_POINT('',(-106.465,-57.139,5.55111512312578E-16));
#4658=CARTESIAN_POINT('',(-105.966,-70.64,5.55111512312578E-16));
#4659=CARTESIAN_POINT('Origin',(-105.966,-70.141,5.55111512312578E-16));
#4660=CARTESIAN_POINT('',(-92.964,-70.64,5.55111512312578E-16));
#4661=CARTESIAN_POINT('',(-105.966,-70.64,5.55111512312578E-16));
#4662=CARTESIAN_POINT('',(-92.465,-70.141,5.55111512312578E-16));
#4663=CARTESIAN_POINT('Origin',(-92.964,-70.141,5.55111512312578E-16));
#4664=CARTESIAN_POINT('',(-92.465,-57.139,5.55111512312578E-16));
#4665=CARTESIAN_POINT('',(-92.465,-57.139,5.55111512312578E-16));
#4666=CARTESIAN_POINT('',(-92.964,-56.64,5.55111512312578E-16));
#4667=CARTESIAN_POINT('Origin',(-92.964,-57.139,5.55111512312578E-16));
#4668=CARTESIAN_POINT('',(-105.966,-56.64,5.55111512312578E-16));
#4669=CARTESIAN_POINT('',(-106.465,-81.139,5.55111512312578E-16));
#4670=CARTESIAN_POINT('',(-105.966,-80.64,5.55111512312578E-16));
#4671=CARTESIAN_POINT('Origin',(-105.966,-81.139,5.55111512312578E-16));
#4672=CARTESIAN_POINT('',(-106.465,-94.141,5.55111512312578E-16));
#4673=CARTESIAN_POINT('',(-106.465,-81.139,5.55111512312578E-16));
#4674=CARTESIAN_POINT('',(-105.966,-94.64,5.55111512312578E-16));
#4675=CARTESIAN_POINT('Origin',(-105.966,-94.141,5.55111512312578E-16));
#4676=CARTESIAN_POINT('',(-92.964,-94.64,5.55111512312578E-16));
#4677=CARTESIAN_POINT('',(-105.966,-94.64,5.55111512312578E-16));
#4678=CARTESIAN_POINT('',(-92.465,-94.141,5.55111512312578E-16));
#4679=CARTESIAN_POINT('Origin',(-92.964,-94.141,5.55111512312578E-16));
#4680=CARTESIAN_POINT('',(-92.465,-81.139,5.55111512312578E-16));
#4681=CARTESIAN_POINT('',(-92.465,-81.139,5.55111512312578E-16));
#4682=CARTESIAN_POINT('',(-92.964,-80.64,5.55111512312578E-16));
#4683=CARTESIAN_POINT('Origin',(-92.964,-81.139,5.55111512312578E-16));
#4684=CARTESIAN_POINT('',(-105.966,-80.64,5.55111512312578E-16));
#4685=CARTESIAN_POINT('',(-87.415,-81.139,5.55111512312578E-16));
#4686=CARTESIAN_POINT('',(-86.916,-80.64,5.55111512312578E-16));
#4687=CARTESIAN_POINT('Origin',(-86.916,-81.139,5.55111512312578E-16));
#4688=CARTESIAN_POINT('',(-87.415,-94.141,5.55111512312578E-16));
#4689=CARTESIAN_POINT('',(-87.415,-81.139,5.55111512312578E-16));
#4690=CARTESIAN_POINT('',(-86.916,-94.64,5.55111512312578E-16));
#4691=CARTESIAN_POINT('Origin',(-86.916,-94.141,5.55111512312578E-16));
#4692=CARTESIAN_POINT('',(-73.914,-94.64,5.55111512312578E-16));
#4693=CARTESIAN_POINT('',(-86.916,-94.64,5.55111512312578E-16));
#4694=CARTESIAN_POINT('',(-73.415,-94.141,5.55111512312578E-16));
#4695=CARTESIAN_POINT('Origin',(-73.914,-94.141,5.55111512312578E-16));
#4696=CARTESIAN_POINT('',(-73.415,-81.139,5.55111512312578E-16));
#4697=CARTESIAN_POINT('',(-73.415,-81.139,5.55111512312578E-16));
#4698=CARTESIAN_POINT('',(-73.914,-80.64,5.55111512312578E-16));
#4699=CARTESIAN_POINT('Origin',(-73.914,-81.139,5.55111512312578E-16));
#4700=CARTESIAN_POINT('',(-86.916,-80.64,5.55111512312578E-16));
#4701=CARTESIAN_POINT('',(-106.465,-33.139,5.55111512312578E-16));
#4702=CARTESIAN_POINT('',(-105.966,-32.64,5.55111512312578E-16));
#4703=CARTESIAN_POINT('Origin',(-105.966,-33.139,5.55111512312578E-16));
#4704=CARTESIAN_POINT('',(-106.465,-46.141,5.55111512312578E-16));
#4705=CARTESIAN_POINT('',(-106.465,-33.139,5.55111512312578E-16));
#4706=CARTESIAN_POINT('',(-105.966,-46.64,5.55111512312578E-16));
#4707=CARTESIAN_POINT('Origin',(-105.966,-46.141,5.55111512312578E-16));
#4708=CARTESIAN_POINT('',(-92.964,-46.64,5.55111512312578E-16));
#4709=CARTESIAN_POINT('',(-105.966,-46.64,5.55111512312578E-16));
#4710=CARTESIAN_POINT('',(-92.465,-46.141,5.55111512312578E-16));
#4711=CARTESIAN_POINT('Origin',(-92.964,-46.141,5.55111512312578E-16));
#4712=CARTESIAN_POINT('',(-92.465,-33.139,5.55111512312578E-16));
#4713=CARTESIAN_POINT('',(-92.465,-33.139,5.55111512312578E-16));
#4714=CARTESIAN_POINT('',(-92.964,-32.64,5.55111512312578E-16));
#4715=CARTESIAN_POINT('Origin',(-92.964,-33.139,5.55111512312578E-16));
#4716=CARTESIAN_POINT('',(-105.966,-32.64,5.55111512312578E-16));
#4717=CARTESIAN_POINT('',(-49.315,-57.139,5.55111512312578E-16));
#4718=CARTESIAN_POINT('',(-48.816,-56.64,5.55111512312578E-16));
#4719=CARTESIAN_POINT('Origin',(-48.816,-57.139,5.55111512312578E-16));
#4720=CARTESIAN_POINT('',(-49.315,-70.141,5.55111512312578E-16));
#4721=CARTESIAN_POINT('',(-49.315,-57.139,5.55111512312578E-16));
#4722=CARTESIAN_POINT('',(-48.816,-70.64,5.55111512312578E-16));
#4723=CARTESIAN_POINT('Origin',(-48.816,-70.141,5.55111512312578E-16));
#4724=CARTESIAN_POINT('',(-35.814,-70.64,5.55111512312578E-16));
#4725=CARTESIAN_POINT('',(-48.816,-70.64,5.55111512312578E-16));
#4726=CARTESIAN_POINT('',(-35.315,-70.141,5.55111512312578E-16));
#4727=CARTESIAN_POINT('Origin',(-35.814,-70.141,5.55111512312578E-16));
#4728=CARTESIAN_POINT('',(-35.315,-57.139,5.55111512312578E-16));
#4729=CARTESIAN_POINT('',(-35.315,-57.139,5.55111512312578E-16));
#4730=CARTESIAN_POINT('',(-35.814,-56.64,5.55111512312578E-16));
#4731=CARTESIAN_POINT('Origin',(-35.814,-57.139,5.55111512312578E-16));
#4732=CARTESIAN_POINT('',(-48.816,-56.64,5.55111512312578E-16));
#4733=CARTESIAN_POINT('',(-68.365,-33.139,5.55111512312578E-16));
#4734=CARTESIAN_POINT('',(-67.866,-32.64,5.55111512312578E-16));
#4735=CARTESIAN_POINT('Origin',(-67.866,-33.139,5.55111512312578E-16));
#4736=CARTESIAN_POINT('',(-68.365,-46.141,5.55111512312578E-16));
#4737=CARTESIAN_POINT('',(-68.365,-33.139,5.55111512312578E-16));
#4738=CARTESIAN_POINT('',(-67.866,-46.64,5.55111512312578E-16));
#4739=CARTESIAN_POINT('Origin',(-67.866,-46.141,5.55111512312578E-16));
#4740=CARTESIAN_POINT('',(-54.864,-46.64,5.55111512312578E-16));
#4741=CARTESIAN_POINT('',(-67.866,-46.64,5.55111512312578E-16));
#4742=CARTESIAN_POINT('',(-54.365,-46.141,5.55111512312578E-16));
#4743=CARTESIAN_POINT('Origin',(-54.864,-46.141,5.55111512312578E-16));
#4744=CARTESIAN_POINT('',(-54.365,-33.139,5.55111512312578E-16));
#4745=CARTESIAN_POINT('',(-54.365,-33.139,5.55111512312578E-16));
#4746=CARTESIAN_POINT('',(-54.864,-32.64,5.55111512312578E-16));
#4747=CARTESIAN_POINT('Origin',(-54.864,-33.139,5.55111512312578E-16));
#4748=CARTESIAN_POINT('',(-67.866,-32.64,5.55111512312578E-16));
#4749=CARTESIAN_POINT('',(-49.315,-81.139,5.55111512312578E-16));
#4750=CARTESIAN_POINT('',(-48.816,-80.64,5.55111512312578E-16));
#4751=CARTESIAN_POINT('Origin',(-48.816,-81.139,5.55111512312578E-16));
#4752=CARTESIAN_POINT('',(-49.315,-94.141,5.55111512312578E-16));
#4753=CARTESIAN_POINT('',(-49.315,-81.139,5.55111512312578E-16));
#4754=CARTESIAN_POINT('',(-48.816,-94.64,5.55111512312578E-16));
#4755=CARTESIAN_POINT('Origin',(-48.816,-94.141,5.55111512312578E-16));
#4756=CARTESIAN_POINT('',(-35.814,-94.64,5.55111512312578E-16));
#4757=CARTESIAN_POINT('',(-48.816,-94.64,5.55111512312578E-16));
#4758=CARTESIAN_POINT('',(-35.315,-94.141,5.55111512312578E-16));
#4759=CARTESIAN_POINT('Origin',(-35.814,-94.141,5.55111512312578E-16));
#4760=CARTESIAN_POINT('',(-35.315,-81.139,5.55111512312578E-16));
#4761=CARTESIAN_POINT('',(-35.315,-81.139,5.55111512312578E-16));
#4762=CARTESIAN_POINT('',(-35.814,-80.64,5.55111512312578E-16));
#4763=CARTESIAN_POINT('Origin',(-35.814,-81.139,5.55111512312578E-16));
#4764=CARTESIAN_POINT('',(-48.816,-80.64,5.55111512312578E-16));
#4765=CARTESIAN_POINT('',(-49.315,-33.139,5.55111512312578E-16));
#4766=CARTESIAN_POINT('',(-48.816,-32.64,5.55111512312578E-16));
#4767=CARTESIAN_POINT('Origin',(-48.816,-33.139,5.55111512312578E-16));
#4768=CARTESIAN_POINT('',(-49.315,-46.141,5.55111512312578E-16));
#4769=CARTESIAN_POINT('',(-49.315,-33.139,5.55111512312578E-16));
#4770=CARTESIAN_POINT('',(-48.816,-46.64,5.55111512312578E-16));
#4771=CARTESIAN_POINT('Origin',(-48.816,-46.141,5.55111512312578E-16));
#4772=CARTESIAN_POINT('',(-35.814,-46.64,5.55111512312578E-16));
#4773=CARTESIAN_POINT('',(-48.816,-46.64,5.55111512312578E-16));
#4774=CARTESIAN_POINT('',(-35.315,-46.141,5.55111512312578E-16));
#4775=CARTESIAN_POINT('Origin',(-35.814,-46.141,5.55111512312578E-16));
#4776=CARTESIAN_POINT('',(-35.315,-33.139,5.55111512312578E-16));
#4777=CARTESIAN_POINT('',(-35.315,-33.139,5.55111512312578E-16));
#4778=CARTESIAN_POINT('',(-35.814,-32.64,5.55111512312578E-16));
#4779=CARTESIAN_POINT('Origin',(-35.814,-33.139,5.55111512312578E-16));
#4780=CARTESIAN_POINT('',(-48.816,-32.64,5.55111512312578E-16));
#4781=CARTESIAN_POINT('',(-111.489999239566,0.,5.55111512312578E-16));
#4782=CARTESIAN_POINT('',(-122.500211788351,0.,5.55111512312578E-16));
#4783=CARTESIAN_POINT('',(-22.7899951452855,0.,5.55111512312578E-16));
#4784=CARTESIAN_POINT('',(-125.000211788351,-2.5,5.55111512312578E-16));
#4785=CARTESIAN_POINT('Origin',(-122.500211788351,-2.5,5.55111512312578E-16));
#4786=CARTESIAN_POINT('',(-125.000211788351,-97.1310724694996,5.55111512312578E-16));
#4787=CARTESIAN_POINT('',(-125.000211788351,10.0000001490116,5.55111512312578E-16));
#4788=CARTESIAN_POINT('',(-122.500211788351,-99.6310724694996,5.55111512312578E-16));
#4789=CARTESIAN_POINT('Origin',(-122.500211788351,-97.1310724694996,5.55111512312578E-16));
#4790=CARTESIAN_POINT('',(-111.489999239566,-99.6310724694996,5.55111512312578E-16));
#4791=CARTESIAN_POINT('',(-135.000000149012,-99.6310724694996,5.55111512312578E-16));
#4792=CARTESIAN_POINT('',(-108.989999239566,-97.1310724694996,5.55111512312578E-16));
#4793=CARTESIAN_POINT('Origin',(-111.489999239566,-97.1310724694996,5.55111512312578E-16));
#4794=CARTESIAN_POINT('',(-108.989999239566,-2.5,5.55111512312578E-16));
#4795=CARTESIAN_POINT('',(-108.989999239566,0.,5.55111512312578E-16));
#4796=CARTESIAN_POINT('Origin',(-111.489999239566,-2.5,5.55111512312578E-16));
#4797=CARTESIAN_POINT('',(-29.24,-105.,5.55111512312578E-16));
#4798=CARTESIAN_POINT('Origin',(-27.79,-105.,5.55111512312578E-16));
#4799=CARTESIAN_POINT('',(-131.45,-105.,5.55111512312578E-16));
#4800=CARTESIAN_POINT('Origin',(-130.,-105.,5.55111512312578E-16));
#4801=CARTESIAN_POINT('',(-131.450000074506,5.00000007450581,5.55111512312578E-16));
#4802=CARTESIAN_POINT('Origin',(-130.000000074506,5.00000007450581,5.55111512312578E-16));
#4803=CARTESIAN_POINT('',(-29.2399999254942,5.00000007450581,5.55111512312578E-16));
#4804=CARTESIAN_POINT('Origin',(-27.7899999254942,5.00000007450581,5.55111512312578E-16));
#4805=CARTESIAN_POINT('Origin',(-27.7899951452855,-104.6310724695,3.));
#4806=CARTESIAN_POINT('',(-22.7899951452855,-104.6310724695,3.));
#4807=CARTESIAN_POINT('',(-22.7899951452855,-104.6310724695,3.));
#4808=CARTESIAN_POINT('Origin',(-27.7899951452855,-104.6310724695,3.));
#4809=CARTESIAN_POINT('Origin',(-22.7899951452855,10.0000001490116,3.));
#4810=CARTESIAN_POINT('',(-22.7899951452855,5.00000014901161,3.));
#4811=CARTESIAN_POINT('',(-22.7899951452855,5.00000014901161,3.));
#4812=CARTESIAN_POINT('',(-22.7899951452855,-109.6310724695,3.));
#4813=CARTESIAN_POINT('Origin',(-130.000000149012,5.00000014901161,3.));
#4814=CARTESIAN_POINT('',(-135.000000149012,5.00000014901161,3.));
#4815=CARTESIAN_POINT('',(-135.000000149012,5.00000014901161,3.));
#4816=CARTESIAN_POINT('',(-130.000000149012,10.0000001490116,3.));
#4817=CARTESIAN_POINT('Origin',(-130.000000149012,5.00000014901161,3.));
#4818=CARTESIAN_POINT('',(-130.000000149012,10.0000001490116,3.));
#4819=CARTESIAN_POINT('Origin',(-135.000000149012,10.0000001490116,3.));
#4820=CARTESIAN_POINT('',(-27.7899951452855,10.0000001490116,3.));
#4821=CARTESIAN_POINT('',(-22.7899951452855,10.0000001490116,3.));
#4822=CARTESIAN_POINT('',(-27.7899951452855,10.0000001490116,3.));
#4823=CARTESIAN_POINT('Origin',(-27.7899951452855,5.00000014901161,3.));
#4824=CARTESIAN_POINT('Origin',(-27.7899951452855,5.00000014901161,3.));
#4825=CARTESIAN_POINT('Origin',(-122.500211788351,-97.1310724694996,3.));
#4826=CARTESIAN_POINT('',(-125.000211788351,-97.1310724694996,3.));
#4827=CARTESIAN_POINT('',(-122.500211788351,-99.6310724694996,3.));
#4828=CARTESIAN_POINT('Origin',(-122.500211788351,-97.1310724694996,3.));
#4829=CARTESIAN_POINT('',(-122.500211788351,-99.6310724694996,3.));
#4830=CARTESIAN_POINT('',(-125.000211788351,-97.1310724694996,3.));
#4831=CARTESIAN_POINT('Origin',(-125.000211788351,-99.6310724694996,3.));
#4832=CARTESIAN_POINT('',(-111.489999239566,-99.6310724694996,3.));
#4833=CARTESIAN_POINT('',(-135.000000149012,-99.6310724694996,3.));
#4834=CARTESIAN_POINT('',(-111.489999239566,-99.6310724694996,1.5));
#4835=CARTESIAN_POINT('Origin',(-111.489999239566,-97.1310724694996,1.5));
#4836=CARTESIAN_POINT('',(-108.989999239566,-97.1310724694996,3.));
#4837=CARTESIAN_POINT('Origin',(-111.489999239566,-97.1310724694996,3.));
#4838=CARTESIAN_POINT('',(-108.989999239566,-97.1310724694996,1.5));
#4839=CARTESIAN_POINT('Origin',(-108.989999239566,0.,5.55111512312578E-16));
#4840=CARTESIAN_POINT('',(-108.989999239566,-2.5,3.));
#4841=CARTESIAN_POINT('',(-108.989999239566,0.,3.));
#4842=CARTESIAN_POINT('',(-108.989999239566,-2.5,1.5));
#4843=CARTESIAN_POINT('Origin',(-111.489999239566,-2.5,1.5));
#4844=CARTESIAN_POINT('',(-111.489999239566,0.,3.));
#4845=CARTESIAN_POINT('Origin',(-111.489999239566,-2.5,3.));
#4846=CARTESIAN_POINT('',(-111.489999239566,0.,1.5));
#4847=CARTESIAN_POINT('Origin',(-122.500211788351,-2.5,3.));
#4848=CARTESIAN_POINT('',(-122.500211788351,0.,3.));
#4849=CARTESIAN_POINT('',(-125.000211788351,-2.5,3.));
#4850=CARTESIAN_POINT('Origin',(-122.500211788351,-2.5,3.));
#4851=CARTESIAN_POINT('',(-125.000211788351,-2.5,3.));
#4852=CARTESIAN_POINT('',(-122.500211788351,0.,3.));
#4853=CARTESIAN_POINT('Origin',(-125.000211788351,0.,3.));
#4854=CARTESIAN_POINT('',(-125.000211788351,10.0000001490116,3.));
#4855=CARTESIAN_POINT('Origin',(-27.7899999254942,5.00000007450581,-13.));
#4856=CARTESIAN_POINT('',(-29.2399999254942,5.00000007450581,3.));
#4857=CARTESIAN_POINT('',(-29.2399999254942,5.00000007450581,-13.));
#4858=CARTESIAN_POINT('Origin',(-27.7899999254942,5.00000007450581,3.));
#4859=CARTESIAN_POINT('Origin',(-130.000000074506,5.00000007450581,-13.));
#4860=CARTESIAN_POINT('',(-131.450000074506,5.00000007450581,3.));
#4861=CARTESIAN_POINT('',(-131.450000074506,5.00000007450581,-13.));
#4862=CARTESIAN_POINT('Origin',(-130.000000074506,5.00000007450581,3.));
#4863=CARTESIAN_POINT('Origin',(-130.,-105.,-13.));
#4864=CARTESIAN_POINT('',(-131.45,-105.,3.));
#4865=CARTESIAN_POINT('',(-131.45,-105.,-13.));
#4866=CARTESIAN_POINT('Origin',(-130.,-105.,3.));
#4867=CARTESIAN_POINT('Origin',(-27.79,-105.,-13.));
#4868=CARTESIAN_POINT('',(-29.24,-105.,3.));
#4869=CARTESIAN_POINT('',(-29.24,-105.,-13.));
#4870=CARTESIAN_POINT('Origin',(-27.79,-105.,3.));
#4871=CARTESIAN_POINT('Origin',(-32.78999562026,-27.6400013128296,5.55111512312578E-16));
#4872=CARTESIAN_POINT('',(-32.79,-99.6310724694996,3.));
#4873=CARTESIAN_POINT('',(-32.78999562026,-99.6310724694996,1.5));
#4874=CARTESIAN_POINT('',(-32.78999562026,0.,3.));
#4875=CARTESIAN_POINT('',(-32.78999562026,0.,1.5));
#4876=CARTESIAN_POINT('',(-32.78999562026,-27.6400013128296,3.));
#4877=CARTESIAN_POINT('',(-32.78999562026,-27.6400013128296,3.));
#4878=CARTESIAN_POINT('',(-32.79,-99.64,3.));
#4879=CARTESIAN_POINT('Origin',(-49.315,-46.141,5.55111512312578E-16));
#4880=CARTESIAN_POINT('',(-49.315,-33.139,3.));
#4881=CARTESIAN_POINT('',(-49.315,-33.139,5.55111512312578E-16));
#4882=CARTESIAN_POINT('',(-49.315,-46.141,3.));
#4883=CARTESIAN_POINT('',(-49.315,-33.139,3.));
#4884=CARTESIAN_POINT('',(-49.315,-46.141,5.55111512312578E-16));
#4885=CARTESIAN_POINT('Origin',(-48.816,-46.141,5.55111512312578E-16));
#4886=CARTESIAN_POINT('',(-48.816,-46.64,3.));
#4887=CARTESIAN_POINT('Origin',(-48.816,-46.141,3.));
#4888=CARTESIAN_POINT('',(-48.816,-46.64,5.55111512312578E-16));
#4889=CARTESIAN_POINT('Origin',(-35.814,-46.64,5.55111512312578E-16));
#4890=CARTESIAN_POINT('',(-35.814,-46.64,3.));
#4891=CARTESIAN_POINT('',(-48.816,-46.64,3.));
#4892=CARTESIAN_POINT('',(-35.814,-46.64,5.55111512312578E-16));
#4893=CARTESIAN_POINT('Origin',(-35.814,-46.141,5.55111512312578E-16));
#4894=CARTESIAN_POINT('',(-35.315,-46.141,3.));
#4895=CARTESIAN_POINT('Origin',(-35.814,-46.141,3.));
#4896=CARTESIAN_POINT('',(-35.315,-46.141,5.55111512312578E-16));
#4897=CARTESIAN_POINT('Origin',(-35.315,-33.139,5.55111512312578E-16));
#4898=CARTESIAN_POINT('',(-35.315,-33.139,3.));
#4899=CARTESIAN_POINT('',(-35.315,-33.139,3.));
#4900=CARTESIAN_POINT('',(-35.315,-33.139,5.55111512312578E-16));
#4901=CARTESIAN_POINT('Origin',(-35.814,-33.139,5.55111512312578E-16));
#4902=CARTESIAN_POINT('',(-35.814,-32.64,3.));
#4903=CARTESIAN_POINT('Origin',(-35.814,-33.139,3.));
#4904=CARTESIAN_POINT('',(-35.814,-32.64,5.55111512312578E-16));
#4905=CARTESIAN_POINT('Origin',(-48.816,-32.64,5.55111512312578E-16));
#4906=CARTESIAN_POINT('',(-48.816,-32.64,3.));
#4907=CARTESIAN_POINT('',(-48.816,-32.64,3.));
#4908=CARTESIAN_POINT('',(-48.816,-32.64,5.55111512312578E-16));
#4909=CARTESIAN_POINT('Origin',(-48.816,-33.139,5.55111512312578E-16));
#4910=CARTESIAN_POINT('Origin',(-48.816,-33.139,3.));
#4911=CARTESIAN_POINT('Origin',(-49.315,-94.141,5.55111512312578E-16));
#4912=CARTESIAN_POINT('',(-49.315,-81.139,3.));
#4913=CARTESIAN_POINT('',(-49.315,-81.139,5.55111512312578E-16));
#4914=CARTESIAN_POINT('',(-49.315,-94.141,3.));
#4915=CARTESIAN_POINT('',(-49.315,-81.139,3.));
#4916=CARTESIAN_POINT('',(-49.315,-94.141,5.55111512312578E-16));
#4917=CARTESIAN_POINT('Origin',(-48.816,-94.141,5.55111512312578E-16));
#4918=CARTESIAN_POINT('',(-48.816,-94.64,3.));
#4919=CARTESIAN_POINT('Origin',(-48.816,-94.141,3.));
#4920=CARTESIAN_POINT('',(-48.816,-94.64,5.55111512312578E-16));
#4921=CARTESIAN_POINT('Origin',(-35.814,-94.64,5.55111512312578E-16));
#4922=CARTESIAN_POINT('',(-35.814,-94.64,3.));
#4923=CARTESIAN_POINT('',(-48.816,-94.64,3.));
#4924=CARTESIAN_POINT('',(-35.814,-94.64,5.55111512312578E-16));
#4925=CARTESIAN_POINT('Origin',(-35.814,-94.141,5.55111512312578E-16));
#4926=CARTESIAN_POINT('',(-35.315,-94.141,3.));
#4927=CARTESIAN_POINT('Origin',(-35.814,-94.141,3.));
#4928=CARTESIAN_POINT('',(-35.315,-94.141,5.55111512312578E-16));
#4929=CARTESIAN_POINT('Origin',(-35.315,-81.139,5.55111512312578E-16));
#4930=CARTESIAN_POINT('',(-35.315,-81.139,3.));
#4931=CARTESIAN_POINT('',(-35.315,-81.139,3.));
#4932=CARTESIAN_POINT('',(-35.315,-81.139,5.55111512312578E-16));
#4933=CARTESIAN_POINT('Origin',(-35.814,-81.139,5.55111512312578E-16));
#4934=CARTESIAN_POINT('',(-35.814,-80.64,3.));
#4935=CARTESIAN_POINT('Origin',(-35.814,-81.139,3.));
#4936=CARTESIAN_POINT('',(-35.814,-80.64,5.55111512312578E-16));
#4937=CARTESIAN_POINT('Origin',(-48.816,-80.64,5.55111512312578E-16));
#4938=CARTESIAN_POINT('',(-48.816,-80.64,3.));
#4939=CARTESIAN_POINT('',(-48.816,-80.64,3.));
#4940=CARTESIAN_POINT('',(-48.816,-80.64,5.55111512312578E-16));
#4941=CARTESIAN_POINT('Origin',(-48.816,-81.139,5.55111512312578E-16));
#4942=CARTESIAN_POINT('Origin',(-48.816,-81.139,3.));
#4943=CARTESIAN_POINT('Origin',(-68.365,-46.141,5.55111512312578E-16));
#4944=CARTESIAN_POINT('',(-68.365,-33.139,3.));
#4945=CARTESIAN_POINT('',(-68.365,-33.139,5.55111512312578E-16));
#4946=CARTESIAN_POINT('',(-68.365,-46.141,3.));
#4947=CARTESIAN_POINT('',(-68.365,-33.139,3.));
#4948=CARTESIAN_POINT('',(-68.365,-46.141,5.55111512312578E-16));
#4949=CARTESIAN_POINT('Origin',(-67.866,-46.141,5.55111512312578E-16));
#4950=CARTESIAN_POINT('',(-67.866,-46.64,3.));
#4951=CARTESIAN_POINT('Origin',(-67.866,-46.141,3.));
#4952=CARTESIAN_POINT('',(-67.866,-46.64,5.55111512312578E-16));
#4953=CARTESIAN_POINT('Origin',(-54.864,-46.64,5.55111512312578E-16));
#4954=CARTESIAN_POINT('',(-54.864,-46.64,3.));
#4955=CARTESIAN_POINT('',(-67.866,-46.64,3.));
#4956=CARTESIAN_POINT('',(-54.864,-46.64,5.55111512312578E-16));
#4957=CARTESIAN_POINT('Origin',(-54.864,-46.141,5.55111512312578E-16));
#4958=CARTESIAN_POINT('',(-54.365,-46.141,3.));
#4959=CARTESIAN_POINT('Origin',(-54.864,-46.141,3.));
#4960=CARTESIAN_POINT('',(-54.365,-46.141,5.55111512312578E-16));
#4961=CARTESIAN_POINT('Origin',(-54.365,-33.139,5.55111512312578E-16));
#4962=CARTESIAN_POINT('',(-54.365,-33.139,3.));
#4963=CARTESIAN_POINT('',(-54.365,-33.139,3.));
#4964=CARTESIAN_POINT('',(-54.365,-33.139,5.55111512312578E-16));
#4965=CARTESIAN_POINT('Origin',(-54.864,-33.139,5.55111512312578E-16));
#4966=CARTESIAN_POINT('',(-54.864,-32.64,3.));
#4967=CARTESIAN_POINT('Origin',(-54.864,-33.139,3.));
#4968=CARTESIAN_POINT('',(-54.864,-32.64,5.55111512312578E-16));
#4969=CARTESIAN_POINT('Origin',(-67.866,-32.64,5.55111512312578E-16));
#4970=CARTESIAN_POINT('',(-67.866,-32.64,3.));
#4971=CARTESIAN_POINT('',(-67.866,-32.64,3.));
#4972=CARTESIAN_POINT('',(-67.866,-32.64,5.55111512312578E-16));
#4973=CARTESIAN_POINT('Origin',(-67.866,-33.139,5.55111512312578E-16));
#4974=CARTESIAN_POINT('Origin',(-67.866,-33.139,3.));
#4975=CARTESIAN_POINT('Origin',(-49.315,-70.141,5.55111512312578E-16));
#4976=CARTESIAN_POINT('',(-49.315,-57.139,3.));
#4977=CARTESIAN_POINT('',(-49.315,-57.139,5.55111512312578E-16));
#4978=CARTESIAN_POINT('',(-49.315,-70.141,3.));
#4979=CARTESIAN_POINT('',(-49.315,-57.139,3.));
#4980=CARTESIAN_POINT('',(-49.315,-70.141,5.55111512312578E-16));
#4981=CARTESIAN_POINT('Origin',(-48.816,-70.141,5.55111512312578E-16));
#4982=CARTESIAN_POINT('',(-48.816,-70.64,3.));
#4983=CARTESIAN_POINT('Origin',(-48.816,-70.141,3.));
#4984=CARTESIAN_POINT('',(-48.816,-70.64,5.55111512312578E-16));
#4985=CARTESIAN_POINT('Origin',(-35.814,-70.64,5.55111512312578E-16));
#4986=CARTESIAN_POINT('',(-35.814,-70.64,3.));
#4987=CARTESIAN_POINT('',(-48.816,-70.64,3.));
#4988=CARTESIAN_POINT('',(-35.814,-70.64,5.55111512312578E-16));
#4989=CARTESIAN_POINT('Origin',(-35.814,-70.141,5.55111512312578E-16));
#4990=CARTESIAN_POINT('',(-35.315,-70.141,3.));
#4991=CARTESIAN_POINT('Origin',(-35.814,-70.141,3.));
#4992=CARTESIAN_POINT('',(-35.315,-70.141,5.55111512312578E-16));
#4993=CARTESIAN_POINT('Origin',(-35.315,-57.139,5.55111512312578E-16));
#4994=CARTESIAN_POINT('',(-35.315,-57.139,3.));
#4995=CARTESIAN_POINT('',(-35.315,-57.139,3.));
#4996=CARTESIAN_POINT('',(-35.315,-57.139,5.55111512312578E-16));
#4997=CARTESIAN_POINT('Origin',(-35.814,-57.139,5.55111512312578E-16));
#4998=CARTESIAN_POINT('',(-35.814,-56.64,3.));
#4999=CARTESIAN_POINT('Origin',(-35.814,-57.139,3.));
#5000=CARTESIAN_POINT('',(-35.814,-56.64,5.55111512312578E-16));
#5001=CARTESIAN_POINT('Origin',(-48.816,-56.64,5.55111512312578E-16));
#5002=CARTESIAN_POINT('',(-48.816,-56.64,3.));
#5003=CARTESIAN_POINT('',(-48.816,-56.64,3.));
#5004=CARTESIAN_POINT('',(-48.816,-56.64,5.55111512312578E-16));
#5005=CARTESIAN_POINT('Origin',(-48.816,-57.139,5.55111512312578E-16));
#5006=CARTESIAN_POINT('Origin',(-48.816,-57.139,3.));
#5007=CARTESIAN_POINT('Origin',(-106.465,-46.141,5.55111512312578E-16));
#5008=CARTESIAN_POINT('',(-106.465,-33.139,3.));
#5009=CARTESIAN_POINT('',(-106.465,-33.139,5.55111512312578E-16));
#5010=CARTESIAN_POINT('',(-106.465,-46.141,3.));
#5011=CARTESIAN_POINT('',(-106.465,-33.139,3.));
#5012=CARTESIAN_POINT('',(-106.465,-46.141,5.55111512312578E-16));
#5013=CARTESIAN_POINT('Origin',(-105.966,-46.141,5.55111512312578E-16));
#5014=CARTESIAN_POINT('',(-105.966,-46.64,3.));
#5015=CARTESIAN_POINT('Origin',(-105.966,-46.141,3.));
#5016=CARTESIAN_POINT('',(-105.966,-46.64,5.55111512312578E-16));
#5017=CARTESIAN_POINT('Origin',(-92.964,-46.64,5.55111512312578E-16));
#5018=CARTESIAN_POINT('',(-92.964,-46.64,3.));
#5019=CARTESIAN_POINT('',(-105.966,-46.64,3.));
#5020=CARTESIAN_POINT('',(-92.964,-46.64,5.55111512312578E-16));
#5021=CARTESIAN_POINT('Origin',(-92.964,-46.141,5.55111512312578E-16));
#5022=CARTESIAN_POINT('',(-92.465,-46.141,3.));
#5023=CARTESIAN_POINT('Origin',(-92.964,-46.141,3.));
#5024=CARTESIAN_POINT('',(-92.465,-46.141,5.55111512312578E-16));
#5025=CARTESIAN_POINT('Origin',(-92.465,-33.139,5.55111512312578E-16));
#5026=CARTESIAN_POINT('',(-92.465,-33.139,3.));
#5027=CARTESIAN_POINT('',(-92.465,-33.139,3.));
#5028=CARTESIAN_POINT('',(-92.465,-33.139,5.55111512312578E-16));
#5029=CARTESIAN_POINT('Origin',(-92.964,-33.139,5.55111512312578E-16));
#5030=CARTESIAN_POINT('',(-92.964,-32.64,3.));
#5031=CARTESIAN_POINT('Origin',(-92.964,-33.139,3.));
#5032=CARTESIAN_POINT('',(-92.964,-32.64,5.55111512312578E-16));
#5033=CARTESIAN_POINT('Origin',(-105.966,-32.64,5.55111512312578E-16));
#5034=CARTESIAN_POINT('',(-105.966,-32.64,3.));
#5035=CARTESIAN_POINT('',(-105.966,-32.64,3.));
#5036=CARTESIAN_POINT('',(-105.966,-32.64,5.55111512312578E-16));
#5037=CARTESIAN_POINT('Origin',(-105.966,-33.139,5.55111512312578E-16));
#5038=CARTESIAN_POINT('Origin',(-105.966,-33.139,3.));
#5039=CARTESIAN_POINT('Origin',(-87.415,-94.141,5.55111512312578E-16));
#5040=CARTESIAN_POINT('',(-87.415,-81.139,3.));
#5041=CARTESIAN_POINT('',(-87.415,-81.139,5.55111512312578E-16));
#5042=CARTESIAN_POINT('',(-87.415,-94.141,3.));
#5043=CARTESIAN_POINT('',(-87.415,-81.139,3.));
#5044=CARTESIAN_POINT('',(-87.415,-94.141,5.55111512312578E-16));
#5045=CARTESIAN_POINT('Origin',(-86.916,-94.141,5.55111512312578E-16));
#5046=CARTESIAN_POINT('',(-86.916,-94.64,3.));
#5047=CARTESIAN_POINT('Origin',(-86.916,-94.141,3.));
#5048=CARTESIAN_POINT('',(-86.916,-94.64,5.55111512312578E-16));
#5049=CARTESIAN_POINT('Origin',(-73.914,-94.64,5.55111512312578E-16));
#5050=CARTESIAN_POINT('',(-73.914,-94.64,3.));
#5051=CARTESIAN_POINT('',(-86.916,-94.64,3.));
#5052=CARTESIAN_POINT('',(-73.914,-94.64,5.55111512312578E-16));
#5053=CARTESIAN_POINT('Origin',(-73.914,-94.141,5.55111512312578E-16));
#5054=CARTESIAN_POINT('',(-73.415,-94.141,3.));
#5055=CARTESIAN_POINT('Origin',(-73.914,-94.141,3.));
#5056=CARTESIAN_POINT('',(-73.415,-94.141,5.55111512312578E-16));
#5057=CARTESIAN_POINT('Origin',(-73.415,-81.139,5.55111512312578E-16));
#5058=CARTESIAN_POINT('',(-73.415,-81.139,3.));
#5059=CARTESIAN_POINT('',(-73.415,-81.139,3.));
#5060=CARTESIAN_POINT('',(-73.415,-81.139,5.55111512312578E-16));
#5061=CARTESIAN_POINT('Origin',(-73.914,-81.139,5.55111512312578E-16));
#5062=CARTESIAN_POINT('',(-73.914,-80.64,3.));
#5063=CARTESIAN_POINT('Origin',(-73.914,-81.139,3.));
#5064=CARTESIAN_POINT('',(-73.914,-80.64,5.55111512312578E-16));
#5065=CARTESIAN_POINT('Origin',(-86.916,-80.64,5.55111512312578E-16));
#5066=CARTESIAN_POINT('',(-86.916,-80.64,3.));
#5067=CARTESIAN_POINT('',(-86.916,-80.64,3.));
#5068=CARTESIAN_POINT('',(-86.916,-80.64,5.55111512312578E-16));
#5069=CARTESIAN_POINT('Origin',(-86.916,-81.139,5.55111512312578E-16));
#5070=CARTESIAN_POINT('Origin',(-86.916,-81.139,3.));
#5071=CARTESIAN_POINT('Origin',(-106.465,-94.141,5.55111512312578E-16));
#5072=CARTESIAN_POINT('',(-106.465,-81.139,3.));
#5073=CARTESIAN_POINT('',(-106.465,-81.139,5.55111512312578E-16));
#5074=CARTESIAN_POINT('',(-106.465,-94.141,3.));
#5075=CARTESIAN_POINT('',(-106.465,-81.139,3.));
#5076=CARTESIAN_POINT('',(-106.465,-94.141,5.55111512312578E-16));
#5077=CARTESIAN_POINT('Origin',(-105.966,-94.141,5.55111512312578E-16));
#5078=CARTESIAN_POINT('',(-105.966,-94.64,3.));
#5079=CARTESIAN_POINT('Origin',(-105.966,-94.141,3.));
#5080=CARTESIAN_POINT('',(-105.966,-94.64,5.55111512312578E-16));
#5081=CARTESIAN_POINT('Origin',(-92.964,-94.64,5.55111512312578E-16));
#5082=CARTESIAN_POINT('',(-92.964,-94.64,3.));
#5083=CARTESIAN_POINT('',(-105.966,-94.64,3.));
#5084=CARTESIAN_POINT('',(-92.964,-94.64,5.55111512312578E-16));
#5085=CARTESIAN_POINT('Origin',(-92.964,-94.141,5.55111512312578E-16));
#5086=CARTESIAN_POINT('',(-92.465,-94.141,3.));
#5087=CARTESIAN_POINT('Origin',(-92.964,-94.141,3.));
#5088=CARTESIAN_POINT('',(-92.465,-94.141,5.55111512312578E-16));
#5089=CARTESIAN_POINT('Origin',(-92.465,-81.139,5.55111512312578E-16));
#5090=CARTESIAN_POINT('',(-92.465,-81.139,3.));
#5091=CARTESIAN_POINT('',(-92.465,-81.139,3.));
#5092=CARTESIAN_POINT('',(-92.465,-81.139,5.55111512312578E-16));
#5093=CARTESIAN_POINT('Origin',(-92.964,-81.139,5.55111512312578E-16));
#5094=CARTESIAN_POINT('',(-92.964,-80.64,3.));
#5095=CARTESIAN_POINT('Origin',(-92.964,-81.139,3.));
#5096=CARTESIAN_POINT('',(-92.964,-80.64,5.55111512312578E-16));
#5097=CARTESIAN_POINT('Origin',(-105.966,-80.64,5.55111512312578E-16));
#5098=CARTESIAN_POINT('',(-105.966,-80.64,3.));
#5099=CARTESIAN_POINT('',(-105.966,-80.64,3.));
#5100=CARTESIAN_POINT('',(-105.966,-80.64,5.55111512312578E-16));
#5101=CARTESIAN_POINT('Origin',(-105.966,-81.139,5.55111512312578E-16));
#5102=CARTESIAN_POINT('Origin',(-105.966,-81.139,3.));
#5103=CARTESIAN_POINT('Origin',(-106.465,-70.141,5.55111512312578E-16));
#5104=CARTESIAN_POINT('',(-106.465,-57.139,3.));
#5105=CARTESIAN_POINT('',(-106.465,-57.139,5.55111512312578E-16));
#5106=CARTESIAN_POINT('',(-106.465,-70.141,3.));
#5107=CARTESIAN_POINT('',(-106.465,-57.139,3.));
#5108=CARTESIAN_POINT('',(-106.465,-70.141,5.55111512312578E-16));
#5109=CARTESIAN_POINT('Origin',(-105.966,-70.141,5.55111512312578E-16));
#5110=CARTESIAN_POINT('',(-105.966,-70.64,3.));
#5111=CARTESIAN_POINT('Origin',(-105.966,-70.141,3.));
#5112=CARTESIAN_POINT('',(-105.966,-70.64,5.55111512312578E-16));
#5113=CARTESIAN_POINT('Origin',(-92.964,-70.64,5.55111512312578E-16));
#5114=CARTESIAN_POINT('',(-92.964,-70.64,3.));
#5115=CARTESIAN_POINT('',(-105.966,-70.64,3.));
#5116=CARTESIAN_POINT('',(-92.964,-70.64,5.55111512312578E-16));
#5117=CARTESIAN_POINT('Origin',(-92.964,-70.141,5.55111512312578E-16));
#5118=CARTESIAN_POINT('',(-92.465,-70.141,3.));
#5119=CARTESIAN_POINT('Origin',(-92.964,-70.141,3.));
#5120=CARTESIAN_POINT('',(-92.465,-70.141,5.55111512312578E-16));
#5121=CARTESIAN_POINT('Origin',(-92.465,-57.139,5.55111512312578E-16));
#5122=CARTESIAN_POINT('',(-92.465,-57.139,3.));
#5123=CARTESIAN_POINT('',(-92.465,-57.139,3.));
#5124=CARTESIAN_POINT('',(-92.465,-57.139,5.55111512312578E-16));
#5125=CARTESIAN_POINT('Origin',(-92.964,-57.139,5.55111512312578E-16));
#5126=CARTESIAN_POINT('',(-92.964,-56.64,3.));
#5127=CARTESIAN_POINT('Origin',(-92.964,-57.139,3.));
#5128=CARTESIAN_POINT('',(-92.964,-56.64,5.55111512312578E-16));
#5129=CARTESIAN_POINT('Origin',(-105.966,-56.64,5.55111512312578E-16));
#5130=CARTESIAN_POINT('',(-105.966,-56.64,3.));
#5131=CARTESIAN_POINT('',(-105.966,-56.64,3.));
#5132=CARTESIAN_POINT('',(-105.966,-56.64,5.55111512312578E-16));
#5133=CARTESIAN_POINT('Origin',(-105.966,-57.139,5.55111512312578E-16));
#5134=CARTESIAN_POINT('Origin',(-105.966,-57.139,3.));
#5135=CARTESIAN_POINT('Origin',(-87.415,-46.141,5.55111512312578E-16));
#5136=CARTESIAN_POINT('',(-87.415,-33.139,3.));
#5137=CARTESIAN_POINT('',(-87.415,-33.139,5.55111512312578E-16));
#5138=CARTESIAN_POINT('',(-87.415,-46.141,3.));
#5139=CARTESIAN_POINT('',(-87.415,-33.139,3.));
#5140=CARTESIAN_POINT('',(-87.415,-46.141,5.55111512312578E-16));
#5141=CARTESIAN_POINT('Origin',(-86.916,-46.141,5.55111512312578E-16));
#5142=CARTESIAN_POINT('',(-86.916,-46.64,3.));
#5143=CARTESIAN_POINT('Origin',(-86.916,-46.141,3.));
#5144=CARTESIAN_POINT('',(-86.916,-46.64,5.55111512312578E-16));
#5145=CARTESIAN_POINT('Origin',(-73.914,-46.64,5.55111512312578E-16));
#5146=CARTESIAN_POINT('',(-73.914,-46.64,3.));
#5147=CARTESIAN_POINT('',(-86.916,-46.64,3.));
#5148=CARTESIAN_POINT('',(-73.914,-46.64,5.55111512312578E-16));
#5149=CARTESIAN_POINT('Origin',(-73.914,-46.141,5.55111512312578E-16));
#5150=CARTESIAN_POINT('',(-73.415,-46.141,3.));
#5151=CARTESIAN_POINT('Origin',(-73.914,-46.141,3.));
#5152=CARTESIAN_POINT('',(-73.415,-46.141,5.55111512312578E-16));
#5153=CARTESIAN_POINT('Origin',(-73.415,-33.139,5.55111512312578E-16));
#5154=CARTESIAN_POINT('',(-73.415,-33.139,3.));
#5155=CARTESIAN_POINT('',(-73.415,-33.139,3.));
#5156=CARTESIAN_POINT('',(-73.415,-33.139,5.55111512312578E-16));
#5157=CARTESIAN_POINT('Origin',(-73.914,-33.139,5.55111512312578E-16));
#5158=CARTESIAN_POINT('',(-73.914,-32.64,3.));
#5159=CARTESIAN_POINT('Origin',(-73.914,-33.139,3.));
#5160=CARTESIAN_POINT('',(-73.914,-32.64,5.55111512312578E-16));
#5161=CARTESIAN_POINT('Origin',(-86.916,-32.64,5.55111512312578E-16));
#5162=CARTESIAN_POINT('',(-86.916,-32.64,3.));
#5163=CARTESIAN_POINT('',(-86.916,-32.64,3.));
#5164=CARTESIAN_POINT('',(-86.916,-32.64,5.55111512312578E-16));
#5165=CARTESIAN_POINT('Origin',(-86.916,-33.139,5.55111512312578E-16));
#5166=CARTESIAN_POINT('Origin',(-86.916,-33.139,3.));
#5167=CARTESIAN_POINT('Origin',(-87.415,-70.141,5.55111512312578E-16));
#5168=CARTESIAN_POINT('',(-87.415,-57.139,3.));
#5169=CARTESIAN_POINT('',(-87.415,-57.139,5.55111512312578E-16));
#5170=CARTESIAN_POINT('',(-87.415,-70.141,3.));
#5171=CARTESIAN_POINT('',(-87.415,-57.139,3.));
#5172=CARTESIAN_POINT('',(-87.415,-70.141,5.55111512312578E-16));
#5173=CARTESIAN_POINT('Origin',(-86.916,-70.141,5.55111512312578E-16));
#5174=CARTESIAN_POINT('',(-86.916,-70.64,3.));
#5175=CARTESIAN_POINT('Origin',(-86.916,-70.141,3.));
#5176=CARTESIAN_POINT('',(-86.916,-70.64,5.55111512312578E-16));
#5177=CARTESIAN_POINT('Origin',(-73.914,-70.64,5.55111512312578E-16));
#5178=CARTESIAN_POINT('',(-73.914,-70.64,3.));
#5179=CARTESIAN_POINT('',(-86.916,-70.64,3.));
#5180=CARTESIAN_POINT('',(-73.914,-70.64,5.55111512312578E-16));
#5181=CARTESIAN_POINT('Origin',(-73.914,-70.141,5.55111512312578E-16));
#5182=CARTESIAN_POINT('',(-73.415,-70.141,3.));
#5183=CARTESIAN_POINT('Origin',(-73.914,-70.141,3.));
#5184=CARTESIAN_POINT('',(-73.415,-70.141,5.55111512312578E-16));
#5185=CARTESIAN_POINT('Origin',(-73.415,-57.139,5.55111512312578E-16));
#5186=CARTESIAN_POINT('',(-73.415,-57.139,3.));
#5187=CARTESIAN_POINT('',(-73.415,-57.139,3.));
#5188=CARTESIAN_POINT('',(-73.415,-57.139,5.55111512312578E-16));
#5189=CARTESIAN_POINT('Origin',(-73.914,-57.139,5.55111512312578E-16));
#5190=CARTESIAN_POINT('',(-73.914,-56.64,3.));
#5191=CARTESIAN_POINT('Origin',(-73.914,-57.139,3.));
#5192=CARTESIAN_POINT('',(-73.914,-56.64,5.55111512312578E-16));
#5193=CARTESIAN_POINT('Origin',(-86.916,-56.64,5.55111512312578E-16));
#5194=CARTESIAN_POINT('',(-86.916,-56.64,3.));
#5195=CARTESIAN_POINT('',(-86.916,-56.64,3.));
#5196=CARTESIAN_POINT('',(-86.916,-56.64,5.55111512312578E-16));
#5197=CARTESIAN_POINT('Origin',(-86.916,-57.139,5.55111512312578E-16));
#5198=CARTESIAN_POINT('Origin',(-86.916,-57.139,3.));
#5199=CARTESIAN_POINT('Origin',(-68.365,-70.141,5.55111512312578E-16));
#5200=CARTESIAN_POINT('',(-68.365,-57.139,3.));
#5201=CARTESIAN_POINT('',(-68.365,-57.139,5.55111512312578E-16));
#5202=CARTESIAN_POINT('',(-68.365,-70.141,3.));
#5203=CARTESIAN_POINT('',(-68.365,-57.139,3.));
#5204=CARTESIAN_POINT('',(-68.365,-70.141,5.55111512312578E-16));
#5205=CARTESIAN_POINT('Origin',(-67.866,-70.141,5.55111512312578E-16));
#5206=CARTESIAN_POINT('',(-67.866,-70.64,3.));
#5207=CARTESIAN_POINT('Origin',(-67.866,-70.141,3.));
#5208=CARTESIAN_POINT('',(-67.866,-70.64,5.55111512312578E-16));
#5209=CARTESIAN_POINT('Origin',(-54.864,-70.64,5.55111512312578E-16));
#5210=CARTESIAN_POINT('',(-54.864,-70.64,3.));
#5211=CARTESIAN_POINT('',(-67.866,-70.64,3.));
#5212=CARTESIAN_POINT('',(-54.864,-70.64,5.55111512312578E-16));
#5213=CARTESIAN_POINT('Origin',(-54.864,-70.141,5.55111512312578E-16));
#5214=CARTESIAN_POINT('',(-54.365,-70.141,3.));
#5215=CARTESIAN_POINT('Origin',(-54.864,-70.141,3.));
#5216=CARTESIAN_POINT('',(-54.365,-70.141,5.55111512312578E-16));
#5217=CARTESIAN_POINT('Origin',(-54.365,-57.139,5.55111512312578E-16));
#5218=CARTESIAN_POINT('',(-54.365,-57.139,3.));
#5219=CARTESIAN_POINT('',(-54.365,-57.139,3.));
#5220=CARTESIAN_POINT('',(-54.365,-57.139,5.55111512312578E-16));
#5221=CARTESIAN_POINT('Origin',(-54.864,-57.139,5.55111512312578E-16));
#5222=CARTESIAN_POINT('',(-54.864,-56.64,3.));
#5223=CARTESIAN_POINT('Origin',(-54.864,-57.139,3.));
#5224=CARTESIAN_POINT('',(-54.864,-56.64,5.55111512312578E-16));
#5225=CARTESIAN_POINT('Origin',(-67.866,-56.64,5.55111512312578E-16));
#5226=CARTESIAN_POINT('',(-67.866,-56.64,3.));
#5227=CARTESIAN_POINT('',(-67.866,-56.64,3.));
#5228=CARTESIAN_POINT('',(-67.866,-56.64,5.55111512312578E-16));
#5229=CARTESIAN_POINT('Origin',(-67.866,-57.139,5.55111512312578E-16));
#5230=CARTESIAN_POINT('Origin',(-67.866,-57.139,3.));
#5231=CARTESIAN_POINT('Origin',(-68.365,-94.141,5.55111512312578E-16));
#5232=CARTESIAN_POINT('',(-68.365,-81.139,3.));
#5233=CARTESIAN_POINT('',(-68.365,-81.139,5.55111512312578E-16));
#5234=CARTESIAN_POINT('',(-68.365,-94.141,3.));
#5235=CARTESIAN_POINT('',(-68.365,-81.139,3.));
#5236=CARTESIAN_POINT('',(-68.365,-94.141,5.55111512312578E-16));
#5237=CARTESIAN_POINT('Origin',(-67.866,-94.141,5.55111512312578E-16));
#5238=CARTESIAN_POINT('',(-67.866,-94.64,3.));
#5239=CARTESIAN_POINT('Origin',(-67.866,-94.141,3.));
#5240=CARTESIAN_POINT('',(-67.866,-94.64,5.55111512312578E-16));
#5241=CARTESIAN_POINT('Origin',(-54.864,-94.64,5.55111512312578E-16));
#5242=CARTESIAN_POINT('',(-54.864,-94.64,3.));
#5243=CARTESIAN_POINT('',(-67.866,-94.64,3.));
#5244=CARTESIAN_POINT('',(-54.864,-94.64,5.55111512312578E-16));
#5245=CARTESIAN_POINT('Origin',(-54.864,-94.141,5.55111512312578E-16));
#5246=CARTESIAN_POINT('',(-54.365,-94.141,3.));
#5247=CARTESIAN_POINT('Origin',(-54.864,-94.141,3.));
#5248=CARTESIAN_POINT('',(-54.365,-94.141,5.55111512312578E-16));
#5249=CARTESIAN_POINT('Origin',(-54.365,-81.139,5.55111512312578E-16));
#5250=CARTESIAN_POINT('',(-54.365,-81.139,3.));
#5251=CARTESIAN_POINT('',(-54.365,-81.139,3.));
#5252=CARTESIAN_POINT('',(-54.365,-81.139,5.55111512312578E-16));
#5253=CARTESIAN_POINT('Origin',(-54.864,-81.139,5.55111512312578E-16));
#5254=CARTESIAN_POINT('',(-54.864,-80.64,3.));
#5255=CARTESIAN_POINT('Origin',(-54.864,-81.139,3.));
#5256=CARTESIAN_POINT('',(-54.864,-80.64,5.55111512312578E-16));
#5257=CARTESIAN_POINT('Origin',(-67.866,-80.64,5.55111512312578E-16));
#5258=CARTESIAN_POINT('',(-67.866,-80.64,3.));
#5259=CARTESIAN_POINT('',(-67.866,-80.64,3.));
#5260=CARTESIAN_POINT('',(-67.866,-80.64,5.55111512312578E-16));
#5261=CARTESIAN_POINT('Origin',(-67.866,-81.139,5.55111512312578E-16));
#5262=CARTESIAN_POINT('Origin',(-67.866,-81.139,3.));
#5263=CARTESIAN_POINT('Origin',(-38.79199562026,-8.406,-5.));
#5264=CARTESIAN_POINT('',(-42.49199562026,-8.406,3.));
#5265=CARTESIAN_POINT('',(-42.49199562026,-8.406,-5.));
#5266=CARTESIAN_POINT('Origin',(-38.79199562026,-8.406,3.));
#5267=CARTESIAN_POINT('Origin',(-75.437,-13.974,-5.));
#5268=CARTESIAN_POINT('',(-75.437,-2.574,3.));
#5269=CARTESIAN_POINT('',(-75.437,-13.974,3.));
#5270=CARTESIAN_POINT('',(-75.437,-13.8970003282074,3.));
#5271=CARTESIAN_POINT('',(-75.437,-2.574,-5.));
#5272=CARTESIAN_POINT('',(-75.437,-13.974,-5.));
#5273=CARTESIAN_POINT('Origin',(-100.837,-13.974,-5.));
#5274=CARTESIAN_POINT('',(-100.837,-13.974,3.));
#5275=CARTESIAN_POINT('',(-85.8634987149564,-13.974,3.));
#5276=CARTESIAN_POINT('',(-100.837,-13.974,-5.));
#5277=CARTESIAN_POINT('Origin',(-100.837,-2.574,-5.));
#5278=CARTESIAN_POINT('',(-100.837,-2.574,3.));
#5279=CARTESIAN_POINT('',(-100.837,-8.19700032820739,3.));
#5280=CARTESIAN_POINT('',(-100.837,-2.574,-5.));
#5281=CARTESIAN_POINT('Origin',(-75.437,-2.574,-5.));
#5282=CARTESIAN_POINT('',(-73.1634987149564,-2.574,3.));
#5283=CARTESIAN_POINT('Origin',(-32.7788689663175,0.,3.));
#5284=CARTESIAN_POINT('',(-22.7899951452855,0.,3.));
#5285=CARTESIAN_POINT('Origin',(-32.7788689663175,0.,3.));
#5286=CARTESIAN_POINT('',(-32.7788689663175,0.,3.));
#5287=CARTESIAN_POINT('',(-32.7788689663175,0.,3.));
#5288=CARTESIAN_POINT('',(-22.7899951452855,0.,3.));
#5289=CARTESIAN_POINT('Origin',(-125.000211788351,-99.6310724694996,3.));
#5290=CARTESIAN_POINT('',(-32.7788689663175,-99.6310724694996,3.));
#5291=CARTESIAN_POINT('',(-135.000000149012,-99.6310724694996,3.));
#5292=CARTESIAN_POINT('',(-32.7788689663175,-99.6310724694996,3.));
#5293=CARTESIAN_POINT('Origin',(-32.7788689663175,-99.6310724694996,3.));
#5294=CARTESIAN_POINT('',(-32.7788689663175,10.0000001490116,3.));
#5295=CARTESIAN_POINT('Origin',(-135.000000149012,-109.6310724695,3.));
#5296=CARTESIAN_POINT('',(-135.000000149012,-109.6310724695,3.));
#5297=CARTESIAN_POINT('Origin',(-78.8949976471486,-49.815536160244,3.));
#5298=UNCERTAINTY_MEASURE_WITH_UNIT(LENGTH_MEASURE(0.01),#5302,
'DISTANCE_ACCURACY_VALUE',
'Maximum model space distance between geometric entities at asserted c
onnectivities');
#5299=UNCERTAINTY_MEASURE_WITH_UNIT(LENGTH_MEASURE(0.01),#5302,
'DISTANCE_ACCURACY_VALUE',
'Maximum model space distance between geometric entities at asserted c
onnectivities');
#5300=(
GEOMETRIC_REPRESENTATION_CONTEXT(3)
GLOBAL_UNCERTAINTY_ASSIGNED_CONTEXT((#5298))
GLOBAL_UNIT_ASSIGNED_CONTEXT((#5302,#5304,#5305))
REPRESENTATION_CONTEXT('','3D')
);
#5301=(
GEOMETRIC_REPRESENTATION_CONTEXT(3)
GLOBAL_UNCERTAINTY_ASSIGNED_CONTEXT((#5299))
GLOBAL_UNIT_ASSIGNED_CONTEXT((#5302,#5304,#5305))
REPRESENTATION_CONTEXT('','3D')
);
#5302=(
LENGTH_UNIT()
NAMED_UNIT(*)
SI_UNIT(.MILLI.,.METRE.)
);
#5303=(
LENGTH_UNIT()
NAMED_UNIT(*)
SI_UNIT($,.METRE.)
);
#5304=(
NAMED_UNIT(*)
PLANE_ANGLE_UNIT()
SI_UNIT($,.RADIAN.)
);
#5305=(
NAMED_UNIT(*)
SI_UNIT($,.STERADIAN.)
SOLID_ANGLE_UNIT()
);
#5306=SHAPE_DEFINITION_REPRESENTATION(#5307,#5308);
#5307=PRODUCT_DEFINITION_SHAPE('',$,#5310);
#5308=SHAPE_REPRESENTATION('',(#3170),#5300);
#5309=PRODUCT_DEFINITION_CONTEXT('part definition',#5314,'design');
#5310=PRODUCT_DEFINITION('2026-04-28-11-51-07-408','Hackpad',#5311,#5309);
#5311=PRODUCT_DEFINITION_FORMATION('',$,#5316);
#5312=PRODUCT_RELATED_PRODUCT_CATEGORY('Hackpad','Hackpad',(#5316));
#5313=APPLICATION_PROTOCOL_DEFINITION('international standard',
'automotive_design',2009,#5314);
#5314=APPLICATION_CONTEXT(
'Core Data for Automotive Mechanical Design Process');
#5315=PRODUCT_CONTEXT('part definition',#5314,'mechanical');
#5316=PRODUCT('2026-04-28-11-51-07-408','Hackpad',$,(#5315));
#5317=PRESENTATION_STYLE_ASSIGNMENT((#5318));
#5318=SURFACE_STYLE_USAGE(.BOTH.,#5319);
#5319=SURFACE_SIDE_STYLE('',(#5320));
#5320=SURFACE_STYLE_FILL_AREA(#5321);
#5321=FILL_AREA_STYLE('Steel - Satin',(#5322));
#5322=FILL_AREA_STYLE_COLOUR('Steel - Satin',#5323);
#5323=COLOUR_RGB('Steel - Satin',0.627450980392157,0.627450980392157,0.627450980392157);
ENDSEC;
END-ISO-10303-21;
